MOSAIC_SEGMENT_ID,Name,Value,Count
A01,AGE,HOH Age 19 - 25,56690
A01,AGE,HOH Age 26 - 35,272355
A01,AGE,HOH Age 36 - 45,244301
A01,AGE,HOH Age 46 - 55,595381
A01,AGE,HOH Age 56 - 65,530659
A01,AGE,HOH Age 66+,281368
A01,EDUCATION,Completed College,592283
A01,EDUCATION,Completed Graduate School,983699
A01,EDUCATION,High School Graduates or Below,138490
A01,EDUCATION,Some College,266282
A01,ETHNICITY,African American,30839
A01,ETHNICITY,Asian,247113
A01,ETHNICITY,Hispanic,97493
A01,ETHNICITY,Other Ethnicity,2487
A01,ETHNICITY,Unknown Ethnicity,79361
A01,ETHNICITY,White,1523461
A01,INCOME,"Income $100,000 - $124,999",152124
A01,INCOME,"Income $125,000 - $149,999",218935
A01,INCOME,"Income $15,000 - $24,999",17824
A01,INCOME,"Income $150,000 - $174,999",11559
A01,INCOME,"Income $175,000 - $199,999",294551
A01,INCOME,"Income $200,000 - $249,999",406344
A01,INCOME,"Income $25,000 - $34,999",14877
A01,INCOME,"Income $250,000+",722585
A01,INCOME,"Income $35,000 - $49,999",19669
A01,INCOME,"Income $50,000 - $74,999",32191
A01,INCOME,"Income $75,000 - $99,999",74302
A01,INCOME,"Income <$15,000",15793
A01,MARITAL_STATUS,Married,1933470
A01,MARITAL_STATUS,Not Married,47284
A01,PRES_CHILDREN,Children Present,721791
A01,PRES_CHILDREN,No Children Present,1258963
A01,SIZE1,1 Member HH,186658
A01,SIZE1,2 Member HH,592834
A01,SIZE1,3 Member HH,361185
A01,SIZE1,4 Member HH,327471
A01,SIZE1,5+ Member HH,512606
A02,AGE,HOH Age 19 - 25,23275
A02,AGE,HOH Age 26 - 35,67034
A02,AGE,HOH Age 36 - 45,31127
A02,AGE,HOH Age 46 - 55,190636
A02,AGE,HOH Age 56 - 65,392295
A02,AGE,HOH Age 66+,256548
A02,EDUCATION,Completed College,296533
A02,EDUCATION,Completed Graduate School,393178
A02,EDUCATION,High School Graduates or Below,114275
A02,EDUCATION,Some College,156929
A02,ETHNICITY,African American,31863
A02,ETHNICITY,Asian,43087
A02,ETHNICITY,Hispanic,34055
A02,ETHNICITY,Other Ethnicity,1540
A02,ETHNICITY,Unknown Ethnicity,28769
A02,ETHNICITY,White,821601
A02,INCOME,"Income $100,000 - $124,999",1040
A02,INCOME,"Income $125,000 - $149,999",31426
A02,INCOME,"Income $15,000 - $24,999",1
A02,INCOME,"Income $150,000 - $174,999",9542
A02,INCOME,"Income $175,000 - $199,999",134930
A02,INCOME,"Income $200,000 - $249,999",242036
A02,INCOME,"Income $25,000 - $34,999",1
A02,INCOME,"Income $250,000+",541547
A02,INCOME,"Income $35,000 - $49,999",1
A02,INCOME,"Income $50,000 - $74,999",10
A02,INCOME,"Income $75,000 - $99,999",381
A02,MARITAL_STATUS,Married,885242
A02,MARITAL_STATUS,Not Married,75673
A02,PRES_CHILDREN,Children Present,79090
A02,PRES_CHILDREN,No Children Present,881825
A02,SIZE1,1 Member HH,192502
A02,SIZE1,2 Member HH,307736
A02,SIZE1,3 Member HH,188898
A02,SIZE1,4 Member HH,136836
A02,SIZE1,5+ Member HH,134943
A03,AGE,HOH Age 19 - 25,11062
A03,AGE,HOH Age 26 - 35,35295
A03,AGE,HOH Age 36 - 45,328300
A03,AGE,HOH Age 46 - 55,292956
A03,AGE,HOH Age 56 - 65,14997
A03,AGE,HOH Age 66+,4684
A03,EDUCATION,Completed College,314896
A03,EDUCATION,Completed Graduate School,196502
A03,EDUCATION,High School Graduates or Below,41783
A03,EDUCATION,Some College,134113
A03,ETHNICITY,African American,18726
A03,ETHNICITY,Asian,85919
A03,ETHNICITY,Hispanic,37516
A03,ETHNICITY,Other Ethnicity,1017
A03,ETHNICITY,Unknown Ethnicity,20941
A03,ETHNICITY,White,523175
A03,INCOME,"Income $100,000 - $124,999",26569
A03,INCOME,"Income $125,000 - $149,999",78914
A03,INCOME,"Income $15,000 - $24,999",944
A03,INCOME,"Income $150,000 - $174,999",16302
A03,INCOME,"Income $175,000 - $199,999",182126
A03,INCOME,"Income $200,000 - $249,999",161366
A03,INCOME,"Income $25,000 - $34,999",688
A03,INCOME,"Income $250,000+",202902
A03,INCOME,"Income $35,000 - $49,999",782
A03,INCOME,"Income $50,000 - $74,999",2347
A03,INCOME,"Income $75,000 - $99,999",13535
A03,INCOME,"Income <$15,000",819
A03,MARITAL_STATUS,Married,685667
A03,MARITAL_STATUS,Not Married,1627
A03,PRES_CHILDREN,Children Present,561770
A03,PRES_CHILDREN,No Children Present,125524
A03,SIZE1,1 Member HH,1093
A03,SIZE1,2 Member HH,121875
A03,SIZE1,3 Member HH,129444
A03,SIZE1,4 Member HH,139132
A03,SIZE1,5+ Member HH,295750
A04,AGE,HOH Age 19 - 25,18789
A04,AGE,HOH Age 26 - 35,52478
A04,AGE,HOH Age 36 - 45,173965
A04,AGE,HOH Age 46 - 55,407847
A04,AGE,HOH Age 56 - 65,135360
A04,AGE,HOH Age 66+,62261
A04,EDUCATION,Completed College,298187
A04,EDUCATION,Completed Graduate School,262007
A04,EDUCATION,High School Graduates or Below,105277
A04,EDUCATION,Some College,185229
A04,ETHNICITY,African American,31786
A04,ETHNICITY,Asian,29422
A04,ETHNICITY,Hispanic,35427
A04,ETHNICITY,Other Ethnicity,1390
A04,ETHNICITY,Unknown Ethnicity,23532
A04,ETHNICITY,White,729143
A04,INCOME,"Income $100,000 - $124,999",55092
A04,INCOME,"Income $125,000 - $149,999",225573
A04,INCOME,"Income $15,000 - $24,999",433
A04,INCOME,"Income $150,000 - $174,999",104274
A04,INCOME,"Income $175,000 - $199,999",150037
A04,INCOME,"Income $200,000 - $249,999",106429
A04,INCOME,"Income $25,000 - $34,999",352
A04,INCOME,"Income $250,000+",153050
A04,INCOME,"Income $35,000 - $49,999",411
A04,INCOME,"Income $50,000 - $74,999",4292
A04,INCOME,"Income $75,000 - $99,999",50488
A04,INCOME,"Income <$15,000",269
A04,MARITAL_STATUS,Married,843516
A04,MARITAL_STATUS,Not Married,7184
A04,PRES_CHILDREN,Children Present,704907
A04,PRES_CHILDREN,No Children Present,145793
A04,SIZE1,1 Member HH,10041
A04,SIZE1,2 Member HH,119219
A04,SIZE1,3 Member HH,141673
A04,SIZE1,4 Member HH,173179
A04,SIZE1,5+ Member HH,406588
A05,AGE,HOH Age 19 - 25,36688
A05,AGE,HOH Age 26 - 35,211205
A05,AGE,HOH Age 36 - 45,553760
A05,AGE,HOH Age 46 - 55,222629
A05,AGE,HOH Age 56 - 65,6865
A05,AGE,HOH Age 66+,4218
A05,EDUCATION,Completed College,483932
A05,EDUCATION,Completed Graduate School,219870
A05,EDUCATION,High School Graduates or Below,105800
A05,EDUCATION,Some College,225763
A05,ETHNICITY,African American,58505
A05,ETHNICITY,Asian,145302
A05,ETHNICITY,Hispanic,76533
A05,ETHNICITY,Other Ethnicity,2085
A05,ETHNICITY,Unknown Ethnicity,34796
A05,ETHNICITY,White,718144
A05,INCOME,"Income $100,000 - $124,999",144979
A05,INCOME,"Income $125,000 - $149,999",156706
A05,INCOME,"Income $15,000 - $24,999",5201
A05,INCOME,"Income $150,000 - $174,999",88765
A05,INCOME,"Income $175,000 - $199,999",184661
A05,INCOME,"Income $200,000 - $249,999",118560
A05,INCOME,"Income $25,000 - $34,999",5440
A05,INCOME,"Income $250,000+",189784
A05,INCOME,"Income $35,000 - $49,999",7432
A05,INCOME,"Income $50,000 - $74,999",23652
A05,INCOME,"Income $75,000 - $99,999",107123
A05,INCOME,"Income <$15,000",3062
A05,MARITAL_STATUS,Married,1004614
A05,MARITAL_STATUS,Not Married,30751
A05,PRES_CHILDREN,Children Present,312698
A05,PRES_CHILDREN,No Children Present,722667
A05,SIZE1,1 Member HH,152312
A05,SIZE1,2 Member HH,639755
A05,SIZE1,3 Member HH,155378
A05,SIZE1,4 Member HH,52111
A05,SIZE1,5+ Member HH,35809
A06,AGE,HOH Age 19 - 25,26653
A06,AGE,HOH Age 26 - 35,210919
A06,AGE,HOH Age 36 - 45,144559
A06,AGE,HOH Age 46 - 55,206102
A06,AGE,HOH Age 56 - 65,229531
A06,AGE,HOH Age 66+,194164
A06,EDUCATION,Completed College,337289
A06,EDUCATION,Completed Graduate School,421987
A06,EDUCATION,High School Graduates or Below,122276
A06,EDUCATION,Some College,130376
A06,ETHNICITY,African American,44215
A06,ETHNICITY,Asian,117632
A06,ETHNICITY,Hispanic,87718
A06,ETHNICITY,Other Ethnicity,1582
A06,ETHNICITY,Unknown Ethnicity,47892
A06,ETHNICITY,White,712889
A06,INCOME,"Income $100,000 - $124,999",87897
A06,INCOME,"Income $125,000 - $149,999",105142
A06,INCOME,"Income $15,000 - $24,999",20898
A06,INCOME,"Income $150,000 - $174,999",42864
A06,INCOME,"Income $175,000 - $199,999",112840
A06,INCOME,"Income $200,000 - $249,999",126545
A06,INCOME,"Income $25,000 - $34,999",20432
A06,INCOME,"Income $250,000+",227134
A06,INCOME,"Income $35,000 - $49,999",27640
A06,INCOME,"Income $50,000 - $74,999",101718
A06,INCOME,"Income $75,000 - $99,999",114273
A06,INCOME,"Income <$15,000",24545
A06,MARITAL_STATUS,Married,496257
A06,MARITAL_STATUS,Not Married,515671
A06,PRES_CHILDREN,Children Present,110520
A06,PRES_CHILDREN,No Children Present,901408
A06,SIZE1,1 Member HH,563777
A06,SIZE1,2 Member HH,266909
A06,SIZE1,3 Member HH,89728
A06,SIZE1,4 Member HH,44842
A06,SIZE1,5+ Member HH,46672
B07,AGE,HOH Age 19 - 25,72622
B07,AGE,HOH Age 26 - 35,223360
B07,AGE,HOH Age 36 - 45,250175
B07,AGE,HOH Age 46 - 55,665820
B07,AGE,HOH Age 56 - 65,342669
B07,AGE,HOH Age 66+,87458
B07,EDUCATION,Completed College,570844
B07,EDUCATION,Completed Graduate School,372589
B07,EDUCATION,High School Graduates or Below,285981
B07,EDUCATION,Some College,412690
B07,ETHNICITY,African American,67438
B07,ETHNICITY,Asian,125382
B07,ETHNICITY,Hispanic,141329
B07,ETHNICITY,Other Ethnicity,2644
B07,ETHNICITY,Unknown Ethnicity,51631
B07,ETHNICITY,White,1253680
B07,INCOME,"Income $100,000 - $124,999",277558
B07,INCOME,"Income $125,000 - $149,999",351121
B07,INCOME,"Income $15,000 - $24,999",42507
B07,INCOME,"Income $150,000 - $174,999",108127
B07,INCOME,"Income $175,000 - $199,999",200403
B07,INCOME,"Income $200,000 - $249,999",77315
B07,INCOME,"Income $25,000 - $34,999",38657
B07,INCOME,"Income $250,000+",73239
B07,INCOME,"Income $35,000 - $49,999",46460
B07,INCOME,"Income $50,000 - $74,999",113001
B07,INCOME,"Income $75,000 - $99,999",280000
B07,INCOME,"Income <$15,000",33716
B07,MARITAL_STATUS,Married,1610569
B07,MARITAL_STATUS,Not Married,31535
B07,PRES_CHILDREN,Children Present,815796
B07,PRES_CHILDREN,No Children Present,826308
B07,SIZE1,1 Member HH,62152
B07,SIZE1,2 Member HH,485300
B07,SIZE1,3 Member HH,307772
B07,SIZE1,4 Member HH,290657
B07,SIZE1,5+ Member HH,496223
B08,AGE,HOH Age 19 - 25,17959
B08,AGE,HOH Age 26 - 35,73840
B08,AGE,HOH Age 36 - 45,782840
B08,AGE,HOH Age 46 - 55,325174
B08,AGE,HOH Age 56 - 65,15309
B08,AGE,HOH Age 66+,8586
B08,EDUCATION,Completed College,557310
B08,EDUCATION,Completed Graduate School,141165
B08,EDUCATION,High School Graduates or Below,140999
B08,EDUCATION,Some College,384234
B08,ETHNICITY,African American,79892
B08,ETHNICITY,Asian,51441
B08,ETHNICITY,Hispanic,82210
B08,ETHNICITY,Other Ethnicity,2812
B08,ETHNICITY,Unknown Ethnicity,29510
B08,ETHNICITY,White,977843
B08,INCOME,"Income $100,000 - $124,999",384516
B08,INCOME,"Income $125,000 - $149,999",135732
B08,INCOME,"Income $15,000 - $24,999",20171
B08,INCOME,"Income $150,000 - $174,999",93276
B08,INCOME,"Income $175,000 - $199,999",46406
B08,INCOME,"Income $200,000 - $249,999",17109
B08,INCOME,"Income $25,000 - $34,999",16983
B08,INCOME,"Income $250,000+",15360
B08,INCOME,"Income $35,000 - $49,999",15253
B08,INCOME,"Income $50,000 - $74,999",97113
B08,INCOME,"Income $75,000 - $99,999",364786
B08,INCOME,"Income <$15,000",17003
B08,MARITAL_STATUS,Married,1221480
B08,MARITAL_STATUS,Not Married,2228
B08,PRES_CHILDREN,Children Present,1169358
B08,PRES_CHILDREN,No Children Present,54350
B08,SIZE1,1 Member HH,36
B08,SIZE1,2 Member HH,61410
B08,SIZE1,3 Member HH,151732
B08,SIZE1,4 Member HH,214291
B08,SIZE1,5+ Member HH,796239
B09,AGE,HOH Age 19 - 25,25534
B09,AGE,HOH Age 26 - 35,85856
B09,AGE,HOH Age 36 - 45,409651
B09,AGE,HOH Age 46 - 55,358647
B09,AGE,HOH Age 56 - 65,118806
B09,AGE,HOH Age 66+,74979
B09,EDUCATION,Completed College,435905
B09,EDUCATION,Completed Graduate School,245179
B09,EDUCATION,High School Graduates or Below,126888
B09,EDUCATION,Some College,265501
B09,ETHNICITY,African American,35495
B09,ETHNICITY,Asian,39522
B09,ETHNICITY,Hispanic,46221
B09,ETHNICITY,Other Ethnicity,2753
B09,ETHNICITY,Unknown Ethnicity,28388
B09,ETHNICITY,White,921094
B09,INCOME,"Income $100,000 - $124,999",229888
B09,INCOME,"Income $125,000 - $149,999",104175
B09,INCOME,"Income $15,000 - $24,999",13809
B09,INCOME,"Income $150,000 - $174,999",73305
B09,INCOME,"Income $175,000 - $199,999",17721
B09,INCOME,"Income $200,000 - $249,999",23070
B09,INCOME,"Income $25,000 - $34,999",14960
B09,INCOME,"Income $250,000+",37733
B09,INCOME,"Income $35,000 - $49,999",18848
B09,INCOME,"Income $50,000 - $74,999",166396
B09,INCOME,"Income $75,000 - $99,999",367019
B09,INCOME,"Income <$15,000",6549
B09,MARITAL_STATUS,Married,1025296
B09,MARITAL_STATUS,Not Married,48177
B09,PRES_CHILDREN,Children Present,648504
B09,PRES_CHILDREN,No Children Present,424969
B09,SIZE1,1 Member HH,58800
B09,SIZE1,2 Member HH,287583
B09,SIZE1,3 Member HH,212380
B09,SIZE1,4 Member HH,176662
B09,SIZE1,5+ Member HH,338048
B10,AGE,HOH Age 19 - 25,42616
B10,AGE,HOH Age 26 - 35,263552
B10,AGE,HOH Age 36 - 45,374043
B10,AGE,HOH Age 46 - 55,428517
B10,AGE,HOH Age 56 - 65,250456
B10,AGE,HOH Age 66+,177837
B10,EDUCATION,Completed College,482806
B10,EDUCATION,Completed Graduate School,323813
B10,EDUCATION,High School Graduates or Below,370228
B10,EDUCATION,Some College,360174
B10,ETHNICITY,African American,33935
B10,ETHNICITY,Asian,886183
B10,ETHNICITY,Hispanic,179571
B10,ETHNICITY,Other Ethnicity,6066
B10,ETHNICITY,Unknown Ethnicity,41526
B10,ETHNICITY,White,389740
B10,INCOME,"Income $100,000 - $124,999",237856
B10,INCOME,"Income $125,000 - $149,999",177692
B10,INCOME,"Income $15,000 - $24,999",55295
B10,INCOME,"Income $150,000 - $174,999",112786
B10,INCOME,"Income $175,000 - $199,999",87612
B10,INCOME,"Income $200,000 - $249,999",63661
B10,INCOME,"Income $25,000 - $34,999",51841
B10,INCOME,"Income $250,000+",85927
B10,INCOME,"Income $35,000 - $49,999",82417
B10,INCOME,"Income $50,000 - $74,999",221187
B10,INCOME,"Income $75,000 - $99,999",320297
B10,INCOME,"Income <$15,000",40450
B10,MARITAL_STATUS,Married,1364294
B10,MARITAL_STATUS,Not Married,172727
B10,PRES_CHILDREN,Children Present,493310
B10,PRES_CHILDREN,No Children Present,1043711
B10,SIZE1,1 Member HH,299487
B10,SIZE1,2 Member HH,581046
B10,SIZE1,3 Member HH,238776
B10,SIZE1,4 Member HH,169975
B10,SIZE1,5+ Member HH,247737
C11,AGE,HOH Age 19 - 25,5121
C11,AGE,HOH Age 26 - 35,5370
C11,AGE,HOH Age 36 - 45,2719
C11,AGE,HOH Age 46 - 55,498458
C11,AGE,HOH Age 56 - 65,2116845
C11,AGE,HOH Age 66+,371829
C11,EDUCATION,Completed College,800162
C11,EDUCATION,Completed Graduate School,818064
C11,EDUCATION,High School Graduates or Below,731862
C11,EDUCATION,Some College,650254
C11,ETHNICITY,African American,128448
C11,ETHNICITY,Asian,100455
C11,ETHNICITY,Hispanic,110496
C11,ETHNICITY,Other Ethnicity,5387
C11,ETHNICITY,Unknown Ethnicity,83553
C11,ETHNICITY,White,2572003
C11,INCOME,"Income $100,000 - $124,999",448471
C11,INCOME,"Income $125,000 - $149,999",561606
C11,INCOME,"Income $15,000 - $24,999",44304
C11,INCOME,"Income $150,000 - $174,999",367362
C11,INCOME,"Income $175,000 - $199,999",176176
C11,INCOME,"Income $200,000 - $249,999",139812
C11,INCOME,"Income $25,000 - $34,999",29746
C11,INCOME,"Income $250,000+",187846
C11,INCOME,"Income $35,000 - $49,999",36706
C11,INCOME,"Income $50,000 - $74,999",238734
C11,INCOME,"Income $75,000 - $99,999",738711
C11,INCOME,"Income <$15,000",30868
C11,MARITAL_STATUS,Married,2766557
C11,MARITAL_STATUS,Not Married,233785
C11,PRES_CHILDREN,Children Present,47956
C11,PRES_CHILDREN,No Children Present,2952386
C11,SIZE1,1 Member HH,364410
C11,SIZE1,2 Member HH,886452
C11,SIZE1,3 Member HH,759781
C11,SIZE1,4 Member HH,533039
C11,SIZE1,5+ Member HH,456660
C12,AGE,HOH Age 19 - 25,2612
C12,AGE,HOH Age 26 - 35,10810
C12,AGE,HOH Age 36 - 45,10300
C12,AGE,HOH Age 46 - 55,34420
C12,AGE,HOH Age 56 - 65,130533
C12,AGE,HOH Age 66+,548061
C12,EDUCATION,Completed College,185289
C12,EDUCATION,Completed Graduate School,200605
C12,EDUCATION,High School Graduates or Below,166737
C12,EDUCATION,Some College,184105
C12,ETHNICITY,African American,11242
C12,ETHNICITY,Asian,15075
C12,ETHNICITY,Hispanic,24499
C12,ETHNICITY,Other Ethnicity,1733
C12,ETHNICITY,Unknown Ethnicity,27322
C12,ETHNICITY,White,656865
C12,INCOME,"Income $100,000 - $124,999",109010
C12,INCOME,"Income $125,000 - $149,999",82471
C12,INCOME,"Income $15,000 - $24,999",29427
C12,INCOME,"Income $150,000 - $174,999",32835
C12,INCOME,"Income $175,000 - $199,999",59744
C12,INCOME,"Income $200,000 - $249,999",44975
C12,INCOME,"Income $25,000 - $34,999",28362
C12,INCOME,"Income $250,000+",65645
C12,INCOME,"Income $35,000 - $49,999",39117
C12,INCOME,"Income $50,000 - $74,999",109707
C12,INCOME,"Income $75,000 - $99,999",111917
C12,INCOME,"Income <$15,000",23526
C12,MARITAL_STATUS,Married,584775
C12,MARITAL_STATUS,Not Married,151961
C12,PRES_CHILDREN,Children Present,31938
C12,PRES_CHILDREN,No Children Present,704798
C12,SIZE1,1 Member HH,248630
C12,SIZE1,2 Member HH,279508
C12,SIZE1,3 Member HH,123253
C12,SIZE1,4 Member HH,50508
C12,SIZE1,5+ Member HH,34837
C13,AGE,HOH Age 19 - 25,66302
C13,AGE,HOH Age 26 - 35,253257
C13,AGE,HOH Age 36 - 45,194343
C13,AGE,HOH Age 46 - 55,497577
C13,AGE,HOH Age 56 - 65,634267
C13,AGE,HOH Age 66+,1533248
C13,EDUCATION,Completed College,895990
C13,EDUCATION,Completed Graduate School,1128467
C13,EDUCATION,High School Graduates or Below,547235
C13,EDUCATION,Some College,607302
C13,ETHNICITY,African American,81347
C13,ETHNICITY,Asian,215230
C13,ETHNICITY,Hispanic,158770
C13,ETHNICITY,Other Ethnicity,5134
C13,ETHNICITY,Unknown Ethnicity,124243
C13,ETHNICITY,White,2594270
C13,INCOME,"Income $100,000 - $124,999",511965
C13,INCOME,"Income $125,000 - $149,999",378918
C13,INCOME,"Income $15,000 - $24,999",156392
C13,INCOME,"Income $150,000 - $174,999",102851
C13,INCOME,"Income $175,000 - $199,999",283845
C13,INCOME,"Income $200,000 - $249,999",128090
C13,INCOME,"Income $25,000 - $34,999",147922
C13,INCOME,"Income $250,000+",134467
C13,INCOME,"Income $35,000 - $49,999",194246
C13,INCOME,"Income $50,000 - $74,999",505830
C13,INCOME,"Income $75,000 - $99,999",524619
C13,INCOME,"Income <$15,000",109849
C13,MARITAL_STATUS,Married,2777234
C13,MARITAL_STATUS,Not Married,401760
C13,PRES_CHILDREN,Children Present,344404
C13,PRES_CHILDREN,No Children Present,2834590
C13,SIZE1,1 Member HH,808461
C13,SIZE1,2 Member HH,1169474
C13,SIZE1,3 Member HH,599265
C13,SIZE1,4 Member HH,326487
C13,SIZE1,5+ Member HH,275307
C14,AGE,HOH Age 19 - 25,26882
C14,AGE,HOH Age 26 - 35,53456
C14,AGE,HOH Age 36 - 45,48682
C14,AGE,HOH Age 46 - 55,729258
C14,AGE,HOH Age 56 - 65,767084
C14,AGE,HOH Age 66+,90681
C14,EDUCATION,Completed College,350132
C14,EDUCATION,Completed Graduate School,213156
C14,EDUCATION,High School Graduates or Below,626579
C14,EDUCATION,Some College,526176
C14,ETHNICITY,African American,48219
C14,ETHNICITY,Asian,42354
C14,ETHNICITY,Hispanic,124761
C14,ETHNICITY,Other Ethnicity,4163
C14,ETHNICITY,Unknown Ethnicity,42015
C14,ETHNICITY,White,1454531
C14,INCOME,"Income $100,000 - $124,999",260412
C14,INCOME,"Income $125,000 - $149,999",194618
C14,INCOME,"Income $15,000 - $24,999",57085
C14,INCOME,"Income $150,000 - $174,999",120797
C14,INCOME,"Income $175,000 - $199,999",12831
C14,INCOME,"Income $200,000 - $249,999",19150
C14,INCOME,"Income $25,000 - $34,999",49471
C14,INCOME,"Income $250,000+",20731
C14,INCOME,"Income $35,000 - $49,999",53133
C14,INCOME,"Income $50,000 - $74,999",287098
C14,INCOME,"Income $75,000 - $99,999",596175
C14,INCOME,"Income <$15,000",44542
C14,MARITAL_STATUS,Married,1701221
C14,MARITAL_STATUS,Not Married,14822
C14,PRES_CHILDREN,Children Present,1156713
C14,PRES_CHILDREN,No Children Present,559330
C14,SIZE1,1 Member HH,29763
C14,SIZE1,2 Member HH,227167
C14,SIZE1,3 Member HH,262136
C14,SIZE1,4 Member HH,373705
C14,SIZE1,5+ Member HH,823272
D15,AGE,HOH Age 19 - 25,20026
D15,AGE,HOH Age 26 - 35,23016
D15,AGE,HOH Age 36 - 45,880397
D15,AGE,HOH Age 46 - 55,570187
D15,AGE,HOH Age 56 - 65,26709
D15,AGE,HOH Age 66+,20978
D15,EDUCATION,Completed College,388782
D15,EDUCATION,Completed Graduate School,146207
D15,EDUCATION,High School Graduates or Below,364426
D15,EDUCATION,Some College,641898
D15,ETHNICITY,African American,50256
D15,ETHNICITY,Asian,20344
D15,ETHNICITY,Hispanic,48779
D15,ETHNICITY,Other Ethnicity,4527
D15,ETHNICITY,Unknown Ethnicity,31595
D15,ETHNICITY,White,1385812
D15,INCOME,"Income $100,000 - $124,999",424248
D15,INCOME,"Income $125,000 - $149,999",126648
D15,INCOME,"Income $15,000 - $24,999",24162
D15,INCOME,"Income $150,000 - $174,999",91759
D15,INCOME,"Income $175,000 - $199,999",13068
D15,INCOME,"Income $200,000 - $249,999",23204
D15,INCOME,"Income $25,000 - $34,999",26293
D15,INCOME,"Income $250,000+",30489
D15,INCOME,"Income $35,000 - $49,999",27826
D15,INCOME,"Income $50,000 - $74,999",230567
D15,INCOME,"Income $75,000 - $99,999",504892
D15,INCOME,"Income <$15,000",18157
D15,MARITAL_STATUS,Married,1535979
D15,MARITAL_STATUS,Not Married,5334
D15,PRES_CHILDREN,Children Present,1196335
D15,PRES_CHILDREN,No Children Present,344978
D15,SIZE1,1 Member HH,14872
D15,SIZE1,2 Member HH,326935
D15,SIZE1,3 Member HH,278269
D15,SIZE1,4 Member HH,271203
D15,SIZE1,5+ Member HH,650034
D16,AGE,HOH Age 19 - 25,35036
D16,AGE,HOH Age 26 - 35,112251
D16,AGE,HOH Age 36 - 45,449081
D16,AGE,HOH Age 46 - 55,507151
D16,AGE,HOH Age 56 - 65,163444
D16,AGE,HOH Age 66+,330359
D16,EDUCATION,Completed College,426184
D16,EDUCATION,Completed Graduate School,229411
D16,EDUCATION,High School Graduates or Below,477794
D16,EDUCATION,Some College,463933
D16,ETHNICITY,African American,38968
D16,ETHNICITY,Asian,63593
D16,ETHNICITY,Hispanic,142970
D16,ETHNICITY,Other Ethnicity,3182
D16,ETHNICITY,Unknown Ethnicity,61540
D16,ETHNICITY,White,1287069
D16,INCOME,"Income $100,000 - $124,999",303704
D16,INCOME,"Income $125,000 - $149,999",140543
D16,INCOME,"Income $15,000 - $24,999",67736
D16,INCOME,"Income $150,000 - $174,999",103702
D16,INCOME,"Income $175,000 - $199,999",30050
D16,INCOME,"Income $200,000 - $249,999",21214
D16,INCOME,"Income $25,000 - $34,999",63920
D16,INCOME,"Income $250,000+",22552
D16,INCOME,"Income $35,000 - $49,999",69578
D16,INCOME,"Income $50,000 - $74,999",295991
D16,INCOME,"Income $75,000 - $99,999",434566
D16,INCOME,"Income <$15,000",43766
D16,MARITAL_STATUS,Married,1549035
D16,MARITAL_STATUS,Not Married,48287
D16,PRES_CHILDREN,Children Present,997658
D16,PRES_CHILDREN,No Children Present,599664
D16,SIZE1,1 Member HH,50405
D16,SIZE1,2 Member HH,393719
D16,SIZE1,3 Member HH,318774
D16,SIZE1,4 Member HH,300323
D16,SIZE1,5+ Member HH,534101
D17,AGE,HOH Age 19 - 25,15092
D17,AGE,HOH Age 26 - 35,25859
D17,AGE,HOH Age 36 - 45,548427
D17,AGE,HOH Age 46 - 55,243553
D17,AGE,HOH Age 56 - 65,4461
D17,AGE,HOH Age 66+,2690
D17,EDUCATION,Completed College,229807
D17,EDUCATION,Completed Graduate School,62085
D17,EDUCATION,High School Graduates or Below,171411
D17,EDUCATION,Some College,376779
D17,ETHNICITY,African American,64718
D17,ETHNICITY,Asian,84452
D17,ETHNICITY,Hispanic,176146
D17,ETHNICITY,Other Ethnicity,3059
D17,ETHNICITY,Unknown Ethnicity,23007
D17,ETHNICITY,White,488700
D17,INCOME,"Income $100,000 - $124,999",175794
D17,INCOME,"Income $125,000 - $149,999",56941
D17,INCOME,"Income $15,000 - $24,999",36292
D17,INCOME,"Income $150,000 - $174,999",44146
D17,INCOME,"Income $175,000 - $199,999",5312
D17,INCOME,"Income $200,000 - $249,999",7845
D17,INCOME,"Income $25,000 - $34,999",38730
D17,INCOME,"Income $250,000+",8435
D17,INCOME,"Income $35,000 - $49,999",63800
D17,INCOME,"Income $50,000 - $74,999",183901
D17,INCOME,"Income $75,000 - $99,999",191587
D17,INCOME,"Income <$15,000",27299
D17,MARITAL_STATUS,Married,826920
D17,MARITAL_STATUS,Not Married,13162
D17,PRES_CHILDREN,Children Present,430394
D17,PRES_CHILDREN,No Children Present,409688
D17,SIZE1,1 Member HH,18163
D17,SIZE1,2 Member HH,516630
D17,SIZE1,3 Member HH,168852
D17,SIZE1,4 Member HH,74561
D17,SIZE1,5+ Member HH,61876
D18,AGE,HOH Age 19 - 25,92234
D18,AGE,HOH Age 26 - 35,193881
D18,AGE,HOH Age 36 - 45,420232
D18,AGE,HOH Age 46 - 55,603276
D18,AGE,HOH Age 56 - 65,515931
D18,AGE,HOH Age 66+,232588
D18,EDUCATION,Completed College,381905
D18,EDUCATION,Completed Graduate School,201804
D18,EDUCATION,High School Graduates or Below,748779
D18,EDUCATION,Some College,725654
D18,ETHNICITY,African American,2052684
D18,ETHNICITY,Asian,938
D18,ETHNICITY,Hispanic,1330
D18,ETHNICITY,Other Ethnicity,145
D18,ETHNICITY,Unknown Ethnicity,63
D18,ETHNICITY,White,2982
D18,INCOME,"Income $100,000 - $124,999",222851
D18,INCOME,"Income $125,000 - $149,999",88859
D18,INCOME,"Income $15,000 - $24,999",107302
D18,INCOME,"Income $150,000 - $174,999",75870
D18,INCOME,"Income $175,000 - $199,999",5026
D18,INCOME,"Income $200,000 - $249,999",21695
D18,INCOME,"Income $25,000 - $34,999",119150
D18,INCOME,"Income $250,000+",29876
D18,INCOME,"Income $35,000 - $49,999",224119
D18,INCOME,"Income $50,000 - $74,999",692339
D18,INCOME,"Income $75,000 - $99,999",409282
D18,INCOME,"Income <$15,000",61773
D18,MARITAL_STATUS,Married,1514595
D18,MARITAL_STATUS,Not Married,543547
D18,PRES_CHILDREN,Children Present,786965
D18,PRES_CHILDREN,No Children Present,1271177
D18,SIZE1,1 Member HH,321572
D18,SIZE1,2 Member HH,698610
D18,SIZE1,3 Member HH,367006
D18,SIZE1,4 Member HH,262240
D18,SIZE1,5+ Member HH,408714
E19,AGE,HOH Age 19 - 25,23703
E19,AGE,HOH Age 26 - 35,67945
E19,AGE,HOH Age 36 - 45,100379
E19,AGE,HOH Age 46 - 55,349416
E19,AGE,HOH Age 56 - 65,697555
E19,AGE,HOH Age 66+,547153
E19,EDUCATION,Completed College,495183
E19,EDUCATION,Completed Graduate School,542354
E19,EDUCATION,High School Graduates or Below,394226
E19,EDUCATION,Some College,354388
E19,ETHNICITY,African American,108939
E19,ETHNICITY,Asian,112564
E19,ETHNICITY,Hispanic,104780
E19,ETHNICITY,Other Ethnicity,4023
E19,ETHNICITY,Unknown Ethnicity,65035
E19,ETHNICITY,White,1390810
E19,INCOME,"Income $100,000 - $124,999",174663
E19,INCOME,"Income $125,000 - $149,999",128971
E19,INCOME,"Income $15,000 - $24,999",109213
E19,INCOME,"Income $150,000 - $174,999",95859
E19,INCOME,"Income $175,000 - $199,999",37531
E19,INCOME,"Income $200,000 - $249,999",43535
E19,INCOME,"Income $25,000 - $34,999",103385
E19,INCOME,"Income $250,000+",65503
E19,INCOME,"Income $35,000 - $49,999",165696
E19,INCOME,"Income $50,000 - $74,999",490535
E19,INCOME,"Income $75,000 - $99,999",287480
E19,INCOME,"Income <$15,000",83780
E19,MARITAL_STATUS,Married,616069
E19,MARITAL_STATUS,Not Married,1170082
E19,PRES_CHILDREN,Children Present,78514
E19,PRES_CHILDREN,No Children Present,1707637
E19,SIZE1,1 Member HH,1009018
E19,SIZE1,2 Member HH,445225
E19,SIZE1,3 Member HH,178460
E19,SIZE1,4 Member HH,83267
E19,SIZE1,5+ Member HH,70181
E20,AGE,HOH Age 19 - 25,277590
E20,AGE,HOH Age 26 - 35,692064
E20,AGE,HOH Age 36 - 45,152329
E20,AGE,HOH Age 46 - 55,733452
E20,AGE,HOH Age 56 - 65,828826
E20,AGE,HOH Age 66+,141716
E20,EDUCATION,Completed College,568636
E20,EDUCATION,Completed Graduate School,342438
E20,EDUCATION,High School Graduates or Below,906825
E20,EDUCATION,Some College,1008078
E20,ETHNICITY,African American,62741
E20,ETHNICITY,Asian,72729
E20,ETHNICITY,Hispanic,146307
E20,ETHNICITY,Other Ethnicity,8529
E20,ETHNICITY,Unknown Ethnicity,78842
E20,ETHNICITY,White,2456829
E20,INCOME,"Income $100,000 - $124,999",388770
E20,INCOME,"Income $125,000 - $149,999",151832
E20,INCOME,"Income $15,000 - $24,999",134223
E20,INCOME,"Income $150,000 - $174,999",128820
E20,INCOME,"Income $175,000 - $199,999",11473
E20,INCOME,"Income $200,000 - $249,999",36870
E20,INCOME,"Income $25,000 - $34,999",133319
E20,INCOME,"Income $250,000+",49211
E20,INCOME,"Income $35,000 - $49,999",224416
E20,INCOME,"Income $50,000 - $74,999",756727
E20,INCOME,"Income $75,000 - $99,999",724882
E20,INCOME,"Income <$15,000",85434
E20,MARITAL_STATUS,Married,2507681
E20,MARITAL_STATUS,Not Married,318296
E20,PRES_CHILDREN,Children Present,516718
E20,PRES_CHILDREN,No Children Present,2309259
E20,SIZE1,1 Member HH,417163
E20,SIZE1,2 Member HH,718591
E20,SIZE1,3 Member HH,442943
E20,SIZE1,4 Member HH,538775
E20,SIZE1,5+ Member HH,708505
E21,AGE,HOH Age 19 - 25,1670
E21,AGE,HOH Age 26 - 35,2086
E21,AGE,HOH Age 36 - 45,2855
E21,AGE,HOH Age 46 - 55,567586
E21,AGE,HOH Age 56 - 65,2180036
E21,AGE,HOH Age 66+,234556
E21,EDUCATION,Completed College,369155
E21,EDUCATION,Completed Graduate School,229869
E21,EDUCATION,High School Graduates or Below,1619779
E21,EDUCATION,Some College,769986
E21,ETHNICITY,African American,118834
E21,ETHNICITY,Asian,29357
E21,ETHNICITY,Hispanic,79619
E21,ETHNICITY,Other Ethnicity,9477
E21,ETHNICITY,Unknown Ethnicity,62439
E21,ETHNICITY,White,2689063
E21,INCOME,"Income $100,000 - $124,999",316978
E21,INCOME,"Income $125,000 - $149,999",148273
E21,INCOME,"Income $15,000 - $24,999",146948
E21,INCOME,"Income $150,000 - $174,999",101375
E21,INCOME,"Income $175,000 - $199,999",6480
E21,INCOME,"Income $200,000 - $249,999",26534
E21,INCOME,"Income $25,000 - $34,999",127422
E21,INCOME,"Income $250,000+",36094
E21,INCOME,"Income $35,000 - $49,999",214832
E21,INCOME,"Income $50,000 - $74,999",960050
E21,INCOME,"Income $75,000 - $99,999",790767
E21,INCOME,"Income <$15,000",113036
E21,MARITAL_STATUS,Married,2669439
E21,MARITAL_STATUS,Not Married,319350
E21,PRES_CHILDREN,Children Present,93231
E21,PRES_CHILDREN,No Children Present,2895558
E21,SIZE1,1 Member HH,427229
E21,SIZE1,2 Member HH,1149776
E21,SIZE1,3 Member HH,738973
E21,SIZE1,4 Member HH,381311
E21,SIZE1,5+ Member HH,291500
F22,AGE,HOH Age 19 - 25,470721
F22,AGE,HOH Age 26 - 35,2815989
F22,AGE,HOH Age 36 - 45,217927
F22,AGE,HOH Age 46 - 55,59951
F22,AGE,HOH Age 56 - 65,6000
F22,AGE,HOH Age 66+,4519
F22,EDUCATION,Completed College,788770
F22,EDUCATION,Completed Graduate School,600957
F22,EDUCATION,High School Graduates or Below,972856
F22,EDUCATION,Some College,1212524
F22,ETHNICITY,African American,205977
F22,ETHNICITY,Asian,258121
F22,ETHNICITY,Hispanic,505454
F22,ETHNICITY,Other Ethnicity,10242
F22,ETHNICITY,Unknown Ethnicity,115530
F22,ETHNICITY,White,2479783
F22,INCOME,"Income $100,000 - $124,999",559143
F22,INCOME,"Income $125,000 - $149,999",316492
F22,INCOME,"Income $15,000 - $24,999",159691
F22,INCOME,"Income $150,000 - $174,999",231601
F22,INCOME,"Income $175,000 - $199,999",94635
F22,INCOME,"Income $200,000 - $249,999",103036
F22,INCOME,"Income $25,000 - $34,999",197799
F22,INCOME,"Income $250,000+",138769
F22,INCOME,"Income $35,000 - $49,999",497878
F22,INCOME,"Income $50,000 - $74,999",531112
F22,INCOME,"Income $75,000 - $99,999",630336
F22,INCOME,"Income <$15,000",114615
F22,MARITAL_STATUS,Married,3396682
F22,MARITAL_STATUS,Not Married,178425
F22,PRES_CHILDREN,Children Present,1522929
F22,PRES_CHILDREN,No Children Present,2052178
F22,SIZE1,1 Member HH,529295
F22,SIZE1,2 Member HH,2478518
F22,SIZE1,3 Member HH,355145
F22,SIZE1,4 Member HH,117591
F22,SIZE1,5+ Member HH,94558
F23,AGE,HOH Age 19 - 25,118195
F23,AGE,HOH Age 26 - 35,598499
F23,AGE,HOH Age 36 - 45,337677
F23,AGE,HOH Age 46 - 55,71573
F23,AGE,HOH Age 56 - 65,9411
F23,AGE,HOH Age 66+,5515
F23,EDUCATION,Completed College,226595
F23,EDUCATION,Completed Graduate School,103933
F23,EDUCATION,High School Graduates or Below,291348
F23,EDUCATION,Some College,518994
F23,ETHNICITY,African American,89259
F23,ETHNICITY,Asian,27724
F23,ETHNICITY,Hispanic,107350
F23,ETHNICITY,Other Ethnicity,4993
F23,ETHNICITY,Unknown Ethnicity,24023
F23,ETHNICITY,White,887521
F23,INCOME,"Income $100,000 - $124,999",157371
F23,INCOME,"Income $125,000 - $149,999",39837
F23,INCOME,"Income $15,000 - $24,999",68524
F23,INCOME,"Income $150,000 - $174,999",30012
F23,INCOME,"Income $175,000 - $199,999",2286
F23,INCOME,"Income $200,000 - $249,999",9077
F23,INCOME,"Income $25,000 - $34,999",85704
F23,INCOME,"Income $250,000+",8710
F23,INCOME,"Income $35,000 - $49,999",122394
F23,INCOME,"Income $50,000 - $74,999",310055
F23,INCOME,"Income $75,000 - $99,999",261417
F23,INCOME,"Income <$15,000",45483
F23,MARITAL_STATUS,Married,1099734
F23,MARITAL_STATUS,Not Married,41136
F23,PRES_CHILDREN,Children Present,1002238
F23,PRES_CHILDREN,No Children Present,138632
F23,SIZE1,1 Member HH,5273
F23,SIZE1,2 Member HH,240693
F23,SIZE1,3 Member HH,249824
F23,SIZE1,4 Member HH,202129
F23,SIZE1,5+ Member HH,442951
G24,AGE,HOH Age 19 - 25,224523
G24,AGE,HOH Age 26 - 35,699650
G24,AGE,HOH Age 36 - 45,542600
G24,AGE,HOH Age 46 - 55,287185
G24,AGE,HOH Age 56 - 65,71216
G24,AGE,HOH Age 66+,51260
G24,EDUCATION,Completed College,629562
G24,EDUCATION,Completed Graduate School,320875
G24,EDUCATION,High School Graduates or Below,342976
G24,EDUCATION,Some College,583021
G24,ETHNICITY,African American,138421
G24,ETHNICITY,Asian,145293
G24,ETHNICITY,Hispanic,144854
G24,ETHNICITY,Other Ethnicity,6216
G24,ETHNICITY,Unknown Ethnicity,69500
G24,ETHNICITY,White,1372150
G24,INCOME,"Income $100,000 - $124,999",224260
G24,INCOME,"Income $125,000 - $149,999",105929
G24,INCOME,"Income $15,000 - $24,999",94907
G24,INCOME,"Income $150,000 - $174,999",112070
G24,INCOME,"Income $175,000 - $199,999",18989
G24,INCOME,"Income $200,000 - $249,999",47733
G24,INCOME,"Income $25,000 - $34,999",126145
G24,INCOME,"Income $250,000+",62306
G24,INCOME,"Income $35,000 - $49,999",297220
G24,INCOME,"Income $50,000 - $74,999",437905
G24,INCOME,"Income $75,000 - $99,999",267268
G24,INCOME,"Income <$15,000",81702
G24,MARITAL_STATUS,Married,360348
G24,MARITAL_STATUS,Not Married,1516086
G24,PRES_CHILDREN,Children Present,327569
G24,PRES_CHILDREN,No Children Present,1548865
G24,SIZE1,1 Member HH,1235942
G24,SIZE1,2 Member HH,498529
G24,SIZE1,3 Member HH,86103
G24,SIZE1,4 Member HH,31239
G24,SIZE1,5+ Member HH,24621
G25,AGE,HOH Age 19 - 25,286294
G25,AGE,HOH Age 26 - 35,1041976
G25,AGE,HOH Age 36 - 45,334888
G25,AGE,HOH Age 46 - 55,221132
G25,AGE,HOH Age 56 - 65,94329
G25,AGE,HOH Age 66+,53143
G25,EDUCATION,Completed College,748002
G25,EDUCATION,Completed Graduate School,523764
G25,EDUCATION,High School Graduates or Below,340813
G25,EDUCATION,Some College,419183
G25,ETHNICITY,African American,178923
G25,ETHNICITY,Asian,275714
G25,ETHNICITY,Hispanic,199500
G25,ETHNICITY,Other Ethnicity,4346
G25,ETHNICITY,Unknown Ethnicity,85200
G25,ETHNICITY,White,1288079
G25,INCOME,"Income $100,000 - $124,999",259602
G25,INCOME,"Income $125,000 - $149,999",110656
G25,INCOME,"Income $15,000 - $24,999",151738
G25,INCOME,"Income $150,000 - $174,999",114193
G25,INCOME,"Income $175,000 - $199,999",58560
G25,INCOME,"Income $200,000 - $249,999",83209
G25,INCOME,"Income $25,000 - $34,999",151080
G25,INCOME,"Income $250,000+",102680
G25,INCOME,"Income $35,000 - $49,999",245126
G25,INCOME,"Income $50,000 - $74,999",316110
G25,INCOME,"Income $75,000 - $99,999",245921
G25,INCOME,"Income <$15,000",192887
G25,MARITAL_STATUS,Married,200733
G25,MARITAL_STATUS,Not Married,1831029
G25,PRES_CHILDREN,Children Present,129700
G25,PRES_CHILDREN,No Children Present,1902062
G25,SIZE1,1 Member HH,1711900
G25,SIZE1,2 Member HH,258993
G25,SIZE1,3 Member HH,39088
G25,SIZE1,4 Member HH,12795
G25,SIZE1,5+ Member HH,8986
H26,AGE,HOH Age 19 - 25,60074
H26,AGE,HOH Age 26 - 35,192898
H26,AGE,HOH Age 36 - 45,371493
H26,AGE,HOH Age 46 - 55,579524
H26,AGE,HOH Age 56 - 65,511922
H26,AGE,HOH Age 66+,437375
H26,EDUCATION,Completed College,350402
H26,EDUCATION,Completed Graduate School,162116
H26,EDUCATION,High School Graduates or Below,965382
H26,EDUCATION,Some College,675386
H26,ETHNICITY,African American,50880
H26,ETHNICITY,Asian,201729
H26,ETHNICITY,Hispanic,762901
H26,ETHNICITY,Other Ethnicity,12098
H26,ETHNICITY,Unknown Ethnicity,76579
H26,ETHNICITY,White,1049099
H26,INCOME,"Income $100,000 - $124,999",266496
H26,INCOME,"Income $125,000 - $149,999",107009
H26,INCOME,"Income $15,000 - $24,999",130215
H26,INCOME,"Income $150,000 - $174,999",101313
H26,INCOME,"Income $175,000 - $199,999",5412
H26,INCOME,"Income $200,000 - $249,999",24227
H26,INCOME,"Income $25,000 - $34,999",135795
H26,INCOME,"Income $250,000+",33547
H26,INCOME,"Income $35,000 - $49,999",225845
H26,INCOME,"Income $50,000 - $74,999",592101
H26,INCOME,"Income $75,000 - $99,999",437084
H26,INCOME,"Income <$15,000",94220
H26,INCOME,Unknown Income,22
H26,MARITAL_STATUS,Married,1739622
H26,MARITAL_STATUS,Not Married,413664
H26,PRES_CHILDREN,Children Present,734460
H26,PRES_CHILDREN,No Children Present,1418826
H26,SIZE1,1 Member HH,453197
H26,SIZE1,2 Member HH,893338
H26,SIZE1,3 Member HH,327258
H26,SIZE1,4 Member HH,209776
H26,SIZE1,5+ Member HH,269717
H27,AGE,HOH Age 19 - 25,44539
H27,AGE,HOH Age 26 - 35,54940
H27,AGE,HOH Age 36 - 45,252665
H27,AGE,HOH Age 46 - 55,423182
H27,AGE,HOH Age 56 - 65,166244
H27,AGE,HOH Age 66+,351057
H27,EDUCATION,Completed College,258880
H27,EDUCATION,Completed Graduate School,146102
H27,EDUCATION,High School Graduates or Below,387764
H27,EDUCATION,Some College,499881
H27,ETHNICITY,African American,25879
H27,ETHNICITY,Asian,32694
H27,ETHNICITY,Hispanic,43215
H27,ETHNICITY,Other Ethnicity,3226
H27,ETHNICITY,Unknown Ethnicity,43550
H27,ETHNICITY,White,1144063
H27,INCOME,"Income $100,000 - $124,999",169477
H27,INCOME,"Income $125,000 - $149,999",73578
H27,INCOME,"Income $15,000 - $24,999",98843
H27,INCOME,"Income $150,000 - $174,999",58804
H27,INCOME,"Income $175,000 - $199,999",5970
H27,INCOME,"Income $200,000 - $249,999",13911
H27,INCOME,"Income $25,000 - $34,999",103961
H27,INCOME,"Income $250,000+",13271
H27,INCOME,"Income $35,000 - $49,999",155190
H27,INCOME,"Income $50,000 - $74,999",304668
H27,INCOME,"Income $75,000 - $99,999",217999
H27,INCOME,"Income <$15,000",76955
H27,MARITAL_STATUS,Married,1085219
H27,MARITAL_STATUS,Not Married,207408
H27,PRES_CHILDREN,Children Present,223006
H27,PRES_CHILDREN,No Children Present,1069621
H27,SIZE1,1 Member HH,641502
H27,SIZE1,2 Member HH,508930
H27,SIZE1,3 Member HH,90008
H27,SIZE1,4 Member HH,30983
H27,SIZE1,5+ Member HH,21204
H28,AGE,HOH Age 19 - 25,41028
H28,AGE,HOH Age 26 - 35,63753
H28,AGE,HOH Age 36 - 45,169159
H28,AGE,HOH Age 46 - 55,323994
H28,AGE,HOH Age 56 - 65,134724
H28,AGE,HOH Age 66+,45173
H28,EDUCATION,Completed College,115016
H28,EDUCATION,Completed Graduate School,44593
H28,EDUCATION,High School Graduates or Below,262225
H28,EDUCATION,Some College,355997
H28,ETHNICITY,African American,14421
H28,ETHNICITY,Asian,29498
H28,ETHNICITY,Hispanic,109238
H28,ETHNICITY,Other Ethnicity,3529
H28,ETHNICITY,Unknown Ethnicity,19577
H28,ETHNICITY,White,601568
H28,INCOME,"Income $100,000 - $124,999",84261
H28,INCOME,"Income $125,000 - $149,999",31528
H28,INCOME,"Income $15,000 - $24,999",45205
H28,INCOME,"Income $150,000 - $174,999",22235
H28,INCOME,"Income $175,000 - $199,999",747
H28,INCOME,"Income $200,000 - $249,999",5339
H28,INCOME,"Income $25,000 - $34,999",50047
H28,INCOME,"Income $250,000+",5996
H28,INCOME,"Income $35,000 - $49,999",94178
H28,INCOME,"Income $50,000 - $74,999",247779
H28,INCOME,"Income $75,000 - $99,999",157157
H28,INCOME,"Income <$15,000",33358
H28,INCOME,Unknown Income,1
H28,MARITAL_STATUS,Married,717481
H28,MARITAL_STATUS,Not Married,60350
H28,PRES_CHILDREN,Children Present,363048
H28,PRES_CHILDREN,No Children Present,414783
H28,SIZE1,1 Member HH,77984
H28,SIZE1,2 Member HH,418168
H28,SIZE1,3 Member HH,121655
H28,SIZE1,4 Member HH,71986
H28,SIZE1,5+ Member HH,88038
H29,AGE,HOH Age 19 - 25,6723
H29,AGE,HOH Age 26 - 35,3902
H29,AGE,HOH Age 36 - 45,449199
H29,AGE,HOH Age 46 - 55,196573
H29,AGE,HOH Age 56 - 65,768
H29,AGE,HOH Age 66+,1097
H29,EDUCATION,Completed College,114825
H29,EDUCATION,Completed Graduate School,42937
H29,EDUCATION,High School Graduates or Below,193769
H29,EDUCATION,Some College,306731
H29,ETHNICITY,African American,14330
H29,ETHNICITY,Asian,23767
H29,ETHNICITY,Hispanic,24695
H29,ETHNICITY,Other Ethnicity,2505
H29,ETHNICITY,Unknown Ethnicity,19556
H29,ETHNICITY,White,573409
H29,INCOME,"Income $100,000 - $124,999",54261
H29,INCOME,"Income $125,000 - $149,999",26155
H29,INCOME,"Income $15,000 - $24,999",49422
H29,INCOME,"Income $150,000 - $174,999",19097
H29,INCOME,"Income $175,000 - $199,999",627
H29,INCOME,"Income $200,000 - $249,999",4078
H29,INCOME,"Income $25,000 - $34,999",61667
H29,INCOME,"Income $250,000+",4020
H29,INCOME,"Income $35,000 - $49,999",137502
H29,INCOME,"Income $50,000 - $74,999",166618
H29,INCOME,"Income $75,000 - $99,999",81484
H29,INCOME,"Income <$15,000",53331
H29,MARITAL_STATUS,Married,573851
H29,MARITAL_STATUS,Not Married,84411
H29,PRES_CHILDREN,Children Present,212322
H29,PRES_CHILDREN,No Children Present,445940
H29,SIZE1,1 Member HH,198347
H29,SIZE1,2 Member HH,369442
H29,SIZE1,3 Member HH,55316
H29,SIZE1,4 Member HH,20410
H29,SIZE1,5+ Member HH,14747
I30,AGE,HOH Age 19 - 25,114534
I30,AGE,HOH Age 26 - 35,250788
I30,AGE,HOH Age 36 - 45,463679
I30,AGE,HOH Age 46 - 55,668648
I30,AGE,HOH Age 56 - 65,317051
I30,AGE,HOH Age 66+,233127
I30,EDUCATION,Completed College,251992
I30,EDUCATION,Completed Graduate School,125777
I30,EDUCATION,High School Graduates or Below,1016577
I30,EDUCATION,Some College,653481
I30,ETHNICITY,African American,41755
I30,ETHNICITY,Asian,16009
I30,ETHNICITY,Hispanic,55644
I30,ETHNICITY,Other Ethnicity,6484
I30,ETHNICITY,Unknown Ethnicity,43952
I30,ETHNICITY,White,1883983
I30,INCOME,"Income $100,000 - $124,999",250239
I30,INCOME,"Income $125,000 - $149,999",96611
I30,INCOME,"Income $15,000 - $24,999",112664
I30,INCOME,"Income $150,000 - $174,999",68319
I30,INCOME,"Income $175,000 - $199,999",4324
I30,INCOME,"Income $200,000 - $249,999",21038
I30,INCOME,"Income $25,000 - $34,999",130525
I30,INCOME,"Income $250,000+",28110
I30,INCOME,"Income $35,000 - $49,999",178027
I30,INCOME,"Income $50,000 - $74,999",593339
I30,INCOME,"Income $75,000 - $99,999",478620
I30,INCOME,"Income <$15,000",86011
I30,MARITAL_STATUS,Married,1990601
I30,MARITAL_STATUS,Not Married,57226
I30,PRES_CHILDREN,Children Present,1322895
I30,PRES_CHILDREN,No Children Present,724932
I30,SIZE1,1 Member HH,85399
I30,SIZE1,2 Member HH,647175
I30,SIZE1,3 Member HH,362092
I30,SIZE1,4 Member HH,337109
I30,SIZE1,5+ Member HH,616052
I31,AGE,HOH Age 19 - 25,37764
I31,AGE,HOH Age 26 - 35,81556
I31,AGE,HOH Age 36 - 45,498982
I31,AGE,HOH Age 46 - 55,463076
I31,AGE,HOH Age 56 - 65,178096
I31,AGE,HOH Age 66+,148128
I31,EDUCATION,Completed College,217705
I31,EDUCATION,Completed Graduate School,84001
I31,EDUCATION,High School Graduates or Below,575460
I31,EDUCATION,Some College,530436
I31,ETHNICITY,African American,23700
I31,ETHNICITY,Asian,26833
I31,ETHNICITY,Hispanic,80345
I31,ETHNICITY,Other Ethnicity,5684
I31,ETHNICITY,Unknown Ethnicity,40046
I31,ETHNICITY,White,1230994
I31,INCOME,"Income $100,000 - $124,999",141826
I31,INCOME,"Income $125,000 - $149,999",30029
I31,INCOME,"Income $15,000 - $24,999",88647
I31,INCOME,"Income $150,000 - $174,999",19563
I31,INCOME,"Income $175,000 - $199,999",987
I31,INCOME,"Income $200,000 - $249,999",5763
I31,INCOME,"Income $25,000 - $34,999",106608
I31,INCOME,"Income $250,000+",5581
I31,INCOME,"Income $35,000 - $49,999",132747
I31,INCOME,"Income $50,000 - $74,999",535375
I31,INCOME,"Income $75,000 - $99,999",290643
I31,INCOME,"Income <$15,000",49832
I31,INCOME,Unknown Income,1
I31,MARITAL_STATUS,Married,1330055
I31,MARITAL_STATUS,Not Married,77547
I31,PRES_CHILDREN,Children Present,1083101
I31,PRES_CHILDREN,No Children Present,324501
I31,SIZE1,1 Member HH,41100
I31,SIZE1,2 Member HH,287944
I31,SIZE1,3 Member HH,265867
I31,SIZE1,4 Member HH,260218
I31,SIZE1,5+ Member HH,552473
I32,AGE,HOH Age 19 - 25,78560
I32,AGE,HOH Age 26 - 35,300166
I32,AGE,HOH Age 36 - 45,374939
I32,AGE,HOH Age 46 - 55,461760
I32,AGE,HOH Age 56 - 65,371942
I32,AGE,HOH Age 66+,220749
I32,EDUCATION,Completed College,142883
I32,EDUCATION,Completed Graduate School,53813
I32,EDUCATION,High School Graduates or Below,1240633
I32,EDUCATION,Some College,370787
I32,ETHNICITY,African American,16701
I32,ETHNICITY,Asian,72312
I32,ETHNICITY,Hispanic,1562155
I32,ETHNICITY,Other Ethnicity,2304
I32,ETHNICITY,Unknown Ethnicity,14182
I32,ETHNICITY,White,140462
I32,INCOME,"Income $100,000 - $124,999",155788
I32,INCOME,"Income $125,000 - $149,999",65714
I32,INCOME,"Income $15,000 - $24,999",151253
I32,INCOME,"Income $150,000 - $174,999",55551
I32,INCOME,"Income $175,000 - $199,999",1642
I32,INCOME,"Income $200,000 - $249,999",19320
I32,INCOME,"Income $25,000 - $34,999",172978
I32,INCOME,"Income $250,000+",26959
I32,INCOME,"Income $35,000 - $49,999",289232
I32,INCOME,"Income $50,000 - $74,999",485745
I32,INCOME,"Income $75,000 - $99,999",282758
I32,INCOME,"Income <$15,000",101175
I32,INCOME,Unknown Income,1
I32,MARITAL_STATUS,Married,1438503
I32,MARITAL_STATUS,Not Married,369613
I32,PRES_CHILDREN,Children Present,949742
I32,PRES_CHILDREN,No Children Present,858374
I32,SIZE1,1 Member HH,116003
I32,SIZE1,2 Member HH,822103
I32,SIZE1,3 Member HH,303212
I32,SIZE1,4 Member HH,215515
I32,SIZE1,5+ Member HH,351283
I33,AGE,HOH Age 19 - 25,90635
I33,AGE,HOH Age 26 - 35,359319
I33,AGE,HOH Age 36 - 45,672022
I33,AGE,HOH Age 46 - 55,297608
I33,AGE,HOH Age 56 - 65,26149
I33,AGE,HOH Age 66+,10789
I33,EDUCATION,Completed College,119436
I33,EDUCATION,Completed Graduate School,46319
I33,EDUCATION,High School Graduates or Below,834346
I33,EDUCATION,Some College,456421
I33,ETHNICITY,African American,16252
I33,ETHNICITY,Asian,50011
I33,ETHNICITY,Hispanic,1207903
I33,ETHNICITY,Other Ethnicity,8176
I33,ETHNICITY,Unknown Ethnicity,10030
I33,ETHNICITY,White,164150
I33,INCOME,"Income $100,000 - $124,999",135370
I33,INCOME,"Income $125,000 - $149,999",51128
I33,INCOME,"Income $15,000 - $24,999",109976
I33,INCOME,"Income $150,000 - $174,999",36783
I33,INCOME,"Income $175,000 - $199,999",846
I33,INCOME,"Income $200,000 - $249,999",11561
I33,INCOME,"Income $25,000 - $34,999",125081
I33,INCOME,"Income $250,000+",13716
I33,INCOME,"Income $35,000 - $49,999",275693
I33,INCOME,"Income $50,000 - $74,999",387010
I33,INCOME,"Income $75,000 - $99,999",222568
I33,INCOME,"Income <$15,000",86789
I33,INCOME,Unknown Income,1
I33,MARITAL_STATUS,Married,1370354
I33,MARITAL_STATUS,Not Married,86168
I33,PRES_CHILDREN,Children Present,840058
I33,PRES_CHILDREN,No Children Present,616464
I33,SIZE1,1 Member HH,5545
I33,SIZE1,2 Member HH,808958
I33,SIZE1,3 Member HH,274681
I33,SIZE1,4 Member HH,157654
I33,SIZE1,5+ Member HH,209684
J34,AGE,HOH Age 19 - 25,10296
J34,AGE,HOH Age 26 - 35,9854
J34,AGE,HOH Age 36 - 45,21989
J34,AGE,HOH Age 46 - 55,159233
J34,AGE,HOH Age 56 - 65,416225
J34,AGE,HOH Age 66+,3269117
J34,EDUCATION,Completed College,659481
J34,EDUCATION,Completed Graduate School,484915
J34,EDUCATION,High School Graduates or Below,1942708
J34,EDUCATION,Some College,799610
J34,ETHNICITY,African American,145499
J34,ETHNICITY,Asian,75943
J34,ETHNICITY,Hispanic,146199
J34,ETHNICITY,Other Ethnicity,7815
J34,ETHNICITY,Unknown Ethnicity,112180
J34,ETHNICITY,White,3399078
J34,INCOME,"Income $100,000 - $124,999",287766
J34,INCOME,"Income $125,000 - $149,999",119445
J34,INCOME,"Income $15,000 - $24,999",254514
J34,INCOME,"Income $150,000 - $174,999",91916
J34,INCOME,"Income $175,000 - $199,999",6067
J34,INCOME,"Income $200,000 - $249,999",38451
J34,INCOME,"Income $25,000 - $34,999",369390
J34,INCOME,"Income $250,000+",31447
J34,INCOME,"Income $35,000 - $49,999",636422
J34,INCOME,"Income $50,000 - $74,999",1359382
J34,INCOME,"Income $75,000 - $99,999",575112
J34,INCOME,"Income <$15,000",116802
J34,MARITAL_STATUS,Married,3142169
J34,MARITAL_STATUS,Not Married,744545
J34,PRES_CHILDREN,Children Present,185802
J34,PRES_CHILDREN,No Children Present,3700912
J34,SIZE1,1 Member HH,799103
J34,SIZE1,2 Member HH,1625375
J34,SIZE1,3 Member HH,902607
J34,SIZE1,4 Member HH,359887
J34,SIZE1,5+ Member HH,199742
J35,AGE,HOH Age 19 - 25,54762
J35,AGE,HOH Age 26 - 35,90160
J35,AGE,HOH Age 36 - 45,175520
J35,AGE,HOH Age 46 - 55,303087
J35,AGE,HOH Age 56 - 65,131504
J35,AGE,HOH Age 66+,1464653
J35,EDUCATION,Completed College,222573
J35,EDUCATION,Completed Graduate School,113981
J35,EDUCATION,High School Graduates or Below,1277651
J35,EDUCATION,Some College,605481
J35,ETHNICITY,African American,72216
J35,ETHNICITY,Asian,16037
J35,ETHNICITY,Hispanic,38806
J35,ETHNICITY,Other Ethnicity,9069
J35,ETHNICITY,Unknown Ethnicity,49170
J35,ETHNICITY,White,2034388
J35,INCOME,"Income $100,000 - $124,999",133423
J35,INCOME,"Income $125,000 - $149,999",60515
J35,INCOME,"Income $15,000 - $24,999",280276
J35,INCOME,"Income $150,000 - $174,999",39798
J35,INCOME,"Income $175,000 - $199,999",3005
J35,INCOME,"Income $200,000 - $249,999",12886
J35,INCOME,"Income $25,000 - $34,999",310616
J35,INCOME,"Income $250,000+",15444
J35,INCOME,"Income $35,000 - $49,999",415883
J35,INCOME,"Income $50,000 - $74,999",500094
J35,INCOME,"Income $75,000 - $99,999",247839
J35,INCOME,"Income <$15,000",199907
J35,MARITAL_STATUS,Married,1835796
J35,MARITAL_STATUS,Not Married,383890
J35,PRES_CHILDREN,Children Present,322832
J35,PRES_CHILDREN,No Children Present,1896854
J35,SIZE1,1 Member HH,648557
J35,SIZE1,2 Member HH,961744
J35,SIZE1,3 Member HH,331571
J35,SIZE1,4 Member HH,157382
J35,SIZE1,5+ Member HH,120432
J36,AGE,HOH Age 19 - 25,84421
J36,AGE,HOH Age 26 - 35,128283
J36,AGE,HOH Age 36 - 45,202442
J36,AGE,HOH Age 46 - 55,487171
J36,AGE,HOH Age 56 - 65,668388
J36,AGE,HOH Age 66+,920457
J36,EDUCATION,Completed College,223576
J36,EDUCATION,Completed Graduate School,100898
J36,EDUCATION,High School Graduates or Below,1524720
J36,EDUCATION,Some College,641968
J36,ETHNICITY,African American,56993
J36,ETHNICITY,Asian,36354
J36,ETHNICITY,Hispanic,136353
J36,ETHNICITY,Other Ethnicity,12829
J36,ETHNICITY,Unknown Ethnicity,79762
J36,ETHNICITY,White,2168871
J36,INCOME,"Income $100,000 - $124,999",104588
J36,INCOME,"Income $125,000 - $149,999",42343
J36,INCOME,"Income $15,000 - $24,999",340598
J36,INCOME,"Income $150,000 - $174,999",29044
J36,INCOME,"Income $175,000 - $199,999",1113
J36,INCOME,"Income $200,000 - $249,999",12248
J36,INCOME,"Income $25,000 - $34,999",330983
J36,INCOME,"Income $250,000+",13579
J36,INCOME,"Income $35,000 - $49,999",550442
J36,INCOME,"Income $50,000 - $74,999",646849
J36,INCOME,"Income $75,000 - $99,999",210643
J36,INCOME,"Income <$15,000",208732
J36,MARITAL_STATUS,Married,1566534
J36,MARITAL_STATUS,Not Married,924628
J36,PRES_CHILDREN,Children Present,426528
J36,PRES_CHILDREN,No Children Present,2064634
J36,SIZE1,1 Member HH,799706
J36,SIZE1,2 Member HH,823259
J36,SIZE1,3 Member HH,400054
J36,SIZE1,4 Member HH,232081
J36,SIZE1,5+ Member HH,236062
K37,AGE,HOH Age 19 - 25,113957
K37,AGE,HOH Age 26 - 35,522676
K37,AGE,HOH Age 36 - 45,313639
K37,AGE,HOH Age 46 - 55,250440
K37,AGE,HOH Age 56 - 65,91539
K37,AGE,HOH Age 66+,37184
K37,EDUCATION,Completed College,250094
K37,EDUCATION,Completed Graduate School,152618
K37,EDUCATION,High School Graduates or Below,475730
K37,EDUCATION,Some College,450993
K37,ETHNICITY,African American,79208
K37,ETHNICITY,Asian,119744
K37,ETHNICITY,Hispanic,178365
K37,ETHNICITY,Other Ethnicity,3694
K37,ETHNICITY,Unknown Ethnicity,48279
K37,ETHNICITY,White,900145
K37,INCOME,"Income $100,000 - $124,999",155803
K37,INCOME,"Income $125,000 - $149,999",63620
K37,INCOME,"Income $15,000 - $24,999",94965
K37,INCOME,"Income $150,000 - $174,999",55139
K37,INCOME,"Income $175,000 - $199,999",34708
K37,INCOME,"Income $200,000 - $249,999",52364
K37,INCOME,"Income $25,000 - $34,999",125384
K37,INCOME,"Income $250,000+",67942
K37,INCOME,"Income $35,000 - $49,999",226048
K37,INCOME,"Income $50,000 - $74,999",204380
K37,INCOME,"Income $75,000 - $99,999",98014
K37,INCOME,"Income <$15,000",151068
K37,MARITAL_STATUS,Married,726814
K37,MARITAL_STATUS,Not Married,602621
K37,PRES_CHILDREN,Children Present,536816
K37,PRES_CHILDREN,No Children Present,792619
K37,SIZE1,1 Member HH,583691
K37,SIZE1,2 Member HH,578024
K37,SIZE1,3 Member HH,86185
K37,SIZE1,4 Member HH,39653
K37,SIZE1,5+ Member HH,41882
K38,AGE,HOH Age 19 - 25,76876
K38,AGE,HOH Age 26 - 35,314986
K38,AGE,HOH Age 36 - 45,247224
K38,AGE,HOH Age 46 - 55,364915
K38,AGE,HOH Age 56 - 65,350704
K38,AGE,HOH Age 66+,280179
K38,EDUCATION,Completed College,278072
K38,EDUCATION,Completed Graduate School,159187
K38,EDUCATION,High School Graduates or Below,813768
K38,EDUCATION,Some College,383857
K38,ETHNICITY,African American,254388
K38,ETHNICITY,Asian,275128
K38,ETHNICITY,Hispanic,387972
K38,ETHNICITY,Other Ethnicity,11386
K38,ETHNICITY,Unknown Ethnicity,72105
K38,ETHNICITY,White,633905
K38,INCOME,"Income $100,000 - $124,999",140382
K38,INCOME,"Income $125,000 - $149,999",81322
K38,INCOME,"Income $15,000 - $24,999",176405
K38,INCOME,"Income $150,000 - $174,999",70171
K38,INCOME,"Income $175,000 - $199,999",9128
K38,INCOME,"Income $200,000 - $249,999",23676
K38,INCOME,"Income $25,000 - $34,999",160640
K38,INCOME,"Income $250,000+",36433
K38,INCOME,"Income $35,000 - $49,999",213755
K38,INCOME,"Income $50,000 - $74,999",329942
K38,INCOME,"Income $75,000 - $99,999",203834
K38,INCOME,"Income <$15,000",189196
K38,MARITAL_STATUS,Married,863106
K38,MARITAL_STATUS,Not Married,771778
K38,PRES_CHILDREN,Children Present,471194
K38,PRES_CHILDREN,No Children Present,1163690
K38,SIZE1,1 Member HH,618195
K38,SIZE1,2 Member HH,600114
K38,SIZE1,3 Member HH,183805
K38,SIZE1,4 Member HH,100978
K38,SIZE1,5+ Member HH,131792
K39,AGE,HOH Age 19 - 25,12188
K39,AGE,HOH Age 26 - 35,36773
K39,AGE,HOH Age 36 - 45,279647
K39,AGE,HOH Age 46 - 55,159238
K39,AGE,HOH Age 56 - 65,48009
K39,AGE,HOH Age 66+,12923
K39,EDUCATION,Completed College,118397
K39,EDUCATION,Completed Graduate School,47534
K39,EDUCATION,High School Graduates or Below,192725
K39,EDUCATION,Some College,190122
K39,ETHNICITY,African American,53564
K39,ETHNICITY,Asian,129391
K39,ETHNICITY,Hispanic,137357
K39,ETHNICITY,Other Ethnicity,2164
K39,ETHNICITY,Unknown Ethnicity,18534
K39,ETHNICITY,White,207768
K39,INCOME,"Income $100,000 - $124,999",41273
K39,INCOME,"Income $125,000 - $149,999",23545
K39,INCOME,"Income $15,000 - $24,999",57397
K39,INCOME,"Income $150,000 - $174,999",19464
K39,INCOME,"Income $175,000 - $199,999",1329
K39,INCOME,"Income $200,000 - $249,999",7385
K39,INCOME,"Income $25,000 - $34,999",64397
K39,INCOME,"Income $250,000+",10723
K39,INCOME,"Income $35,000 - $49,999",80126
K39,INCOME,"Income $50,000 - $74,999",111666
K39,INCOME,"Income $75,000 - $99,999",44575
K39,INCOME,"Income <$15,000",86898
K39,MARITAL_STATUS,Married,85860
K39,MARITAL_STATUS,Not Married,462918
K39,PRES_CHILDREN,Children Present,168917
K39,PRES_CHILDREN,No Children Present,379861
K39,SIZE1,1 Member HH,258008
K39,SIZE1,2 Member HH,218443
K39,SIZE1,3 Member HH,40271
K39,SIZE1,4 Member HH,16026
K39,SIZE1,5+ Member HH,16030
K40,AGE,HOH Age 19 - 25,156467
K40,AGE,HOH Age 26 - 35,240918
K40,AGE,HOH Age 36 - 45,391292
K40,AGE,HOH Age 46 - 55,589430
K40,AGE,HOH Age 56 - 65,626320
K40,AGE,HOH Age 66+,376130
K40,EDUCATION,Completed College,298515
K40,EDUCATION,Completed Graduate School,157356
K40,EDUCATION,High School Graduates or Below,1074962
K40,EDUCATION,Some College,849724
K40,ETHNICITY,African American,166187
K40,ETHNICITY,Asian,79799
K40,ETHNICITY,Hispanic,215524
K40,ETHNICITY,Other Ethnicity,8592
K40,ETHNICITY,Unknown Ethnicity,78479
K40,ETHNICITY,White,1831976
K40,INCOME,"Income $100,000 - $124,999",118680
K40,INCOME,"Income $125,000 - $149,999",69974
K40,INCOME,"Income $15,000 - $24,999",398568
K40,INCOME,"Income $150,000 - $174,999",53120
K40,INCOME,"Income $175,000 - $199,999",1443
K40,INCOME,"Income $200,000 - $249,999",17400
K40,INCOME,"Income $25,000 - $34,999",341068
K40,INCOME,"Income $250,000+",20499
K40,INCOME,"Income $35,000 - $49,999",380305
K40,INCOME,"Income $50,000 - $74,999",283453
K40,INCOME,"Income $75,000 - $99,999",148452
K40,INCOME,"Income <$15,000",547593
K40,INCOME,Unknown Income,2
K40,MARITAL_STATUS,Married,181824
K40,MARITAL_STATUS,Not Married,2198733
K40,PRES_CHILDREN,Children Present,289758
K40,PRES_CHILDREN,No Children Present,2090799
K40,SIZE1,1 Member HH,1761394
K40,SIZE1,2 Member HH,457071
K40,SIZE1,3 Member HH,92016
K40,SIZE1,4 Member HH,36943
K40,SIZE1,5+ Member HH,33133
L41,AGE,HOH Age 19 - 25,16268
L41,AGE,HOH Age 26 - 35,83181
L41,AGE,HOH Age 36 - 45,74996
L41,AGE,HOH Age 46 - 55,182524
L41,AGE,HOH Age 56 - 65,574810
L41,AGE,HOH Age 66+,327831
L41,EDUCATION,Completed College,198735
L41,EDUCATION,Completed Graduate School,140340
L41,EDUCATION,High School Graduates or Below,458183
L41,EDUCATION,Some College,462352
L41,ETHNICITY,African American,29828
L41,ETHNICITY,Asian,20433
L41,ETHNICITY,Hispanic,65483
L41,ETHNICITY,Other Ethnicity,4839
L41,ETHNICITY,Unknown Ethnicity,41389
L41,ETHNICITY,White,1097638
L41,INCOME,"Income $100,000 - $124,999",94056
L41,INCOME,"Income $125,000 - $149,999",43096
L41,INCOME,"Income $15,000 - $24,999",138698
L41,INCOME,"Income $150,000 - $174,999",36651
L41,INCOME,"Income $175,000 - $199,999",3137
L41,INCOME,"Income $200,000 - $249,999",10975
L41,INCOME,"Income $25,000 - $34,999",136514
L41,INCOME,"Income $250,000+",12535
L41,INCOME,"Income $35,000 - $49,999",206902
L41,INCOME,"Income $50,000 - $74,999",284563
L41,INCOME,"Income $75,000 - $99,999",153622
L41,INCOME,"Income <$15,000",138861
L41,MARITAL_STATUS,Married,772697
L41,MARITAL_STATUS,Not Married,486913
L41,PRES_CHILDREN,Children Present,100739
L41,PRES_CHILDREN,No Children Present,1158871
L41,SIZE1,1 Member HH,706832
L41,SIZE1,2 Member HH,359442
L41,SIZE1,3 Member HH,100124
L41,SIZE1,4 Member HH,49967
L41,SIZE1,5+ Member HH,43245
L42,AGE,HOH Age 19 - 25,19818
L42,AGE,HOH Age 26 - 35,23799
L42,AGE,HOH Age 36 - 45,45385
L42,AGE,HOH Age 46 - 55,658243
L42,AGE,HOH Age 56 - 65,2071088
L42,AGE,HOH Age 66+,302144
L42,EDUCATION,Completed College,463104
L42,EDUCATION,Completed Graduate School,259321
L42,EDUCATION,High School Graduates or Below,1493618
L42,EDUCATION,Some College,904434
L42,ETHNICITY,African American,110671
L42,ETHNICITY,Asian,90846
L42,ETHNICITY,Hispanic,280978
L42,ETHNICITY,Other Ethnicity,20409
L42,ETHNICITY,Unknown Ethnicity,84338
L42,ETHNICITY,White,2533235
L42,INCOME,"Income $100,000 - $124,999",171443
L42,INCOME,"Income $125,000 - $149,999",76722
L42,INCOME,"Income $15,000 - $24,999",288939
L42,INCOME,"Income $150,000 - $174,999",62719
L42,INCOME,"Income $175,000 - $199,999",2645
L42,INCOME,"Income $200,000 - $249,999",19245
L42,INCOME,"Income $25,000 - $34,999",287398
L42,INCOME,"Income $250,000+",23136
L42,INCOME,"Income $35,000 - $49,999",513954
L42,INCOME,"Income $50,000 - $74,999",1091144
L42,INCOME,"Income $75,000 - $99,999",371150
L42,INCOME,"Income <$15,000",211975
L42,INCOME,Unknown Income,7
L42,MARITAL_STATUS,Married,1292156
L42,MARITAL_STATUS,Not Married,1828321
L42,PRES_CHILDREN,Children Present,165632
L42,PRES_CHILDREN,No Children Present,2954845
L42,SIZE1,1 Member HH,1453365
L42,SIZE1,2 Member HH,889387
L42,SIZE1,3 Member HH,425225
L42,SIZE1,4 Member HH,197572
L42,SIZE1,5+ Member HH,154928
L43,AGE,HOH Age 19 - 25,14275
L43,AGE,HOH Age 26 - 35,19624
L43,AGE,HOH Age 36 - 45,17342
L43,AGE,HOH Age 46 - 55,839752
L43,AGE,HOH Age 56 - 65,1857823
L43,AGE,HOH Age 66+,292440
L43,EDUCATION,Completed College,208382
L43,EDUCATION,Completed Graduate School,93487
L43,EDUCATION,High School Graduates or Below,1996082
L43,EDUCATION,Some College,743305
L43,ETHNICITY,African American,143481
L43,ETHNICITY,Asian,23637
L43,ETHNICITY,Hispanic,113227
L43,ETHNICITY,Other Ethnicity,21072
L43,ETHNICITY,Unknown Ethnicity,59410
L43,ETHNICITY,White,2680429
L43,INCOME,"Income $100,000 - $124,999",111478
L43,INCOME,"Income $125,000 - $149,999",44941
L43,INCOME,"Income $15,000 - $24,999",388727
L43,INCOME,"Income $150,000 - $174,999",30378
L43,INCOME,"Income $175,000 - $199,999",589
L43,INCOME,"Income $200,000 - $249,999",10062
L43,INCOME,"Income $25,000 - $34,999",354912
L43,INCOME,"Income $250,000+",10264
L43,INCOME,"Income $35,000 - $49,999",606507
L43,INCOME,"Income $50,000 - $74,999",776266
L43,INCOME,"Income $75,000 - $99,999",238557
L43,INCOME,"Income <$15,000",468575
L43,MARITAL_STATUS,Married,2102281
L43,MARITAL_STATUS,Not Married,938975
L43,PRES_CHILDREN,Children Present,430575
L43,PRES_CHILDREN,No Children Present,2610681
L43,SIZE1,1 Member HH,1141648
L43,SIZE1,2 Member HH,1082269
L43,SIZE1,3 Member HH,396648
L43,SIZE1,4 Member HH,218724
L43,SIZE1,5+ Member HH,201967
M44,AGE,HOH Age 19 - 25,176405
M44,AGE,HOH Age 26 - 35,651766
M44,AGE,HOH Age 36 - 45,650806
M44,AGE,HOH Age 46 - 55,278104
M44,AGE,HOH Age 56 - 65,54766
M44,AGE,HOH Age 66+,27109
M44,EDUCATION,Completed College,179423
M44,EDUCATION,Completed Graduate School,98518
M44,EDUCATION,High School Graduates or Below,959784
M44,EDUCATION,Some College,601231
M44,ETHNICITY,African American,88133
M44,ETHNICITY,Asian,16340
M44,ETHNICITY,Hispanic,82698
M44,ETHNICITY,Other Ethnicity,15317
M44,ETHNICITY,Unknown Ethnicity,28432
M44,ETHNICITY,White,1608036
M44,INCOME,"Income $100,000 - $124,999",126011
M44,INCOME,"Income $125,000 - $149,999",30774
M44,INCOME,"Income $15,000 - $24,999",182434
M44,INCOME,"Income $150,000 - $174,999",21089
M44,INCOME,"Income $175,000 - $199,999",783
M44,INCOME,"Income $200,000 - $249,999",6944
M44,INCOME,"Income $25,000 - $34,999",226018
M44,INCOME,"Income $250,000+",6894
M44,INCOME,"Income $35,000 - $49,999",236529
M44,INCOME,"Income $50,000 - $74,999",559555
M44,INCOME,"Income $75,000 - $99,999",272365
M44,INCOME,"Income <$15,000",169560
M44,MARITAL_STATUS,Married,1756571
M44,MARITAL_STATUS,Not Married,82385
M44,PRES_CHILDREN,Children Present,1666348
M44,PRES_CHILDREN,No Children Present,172608
M44,SIZE1,1 Member HH,5371
M44,SIZE1,2 Member HH,407374
M44,SIZE1,3 Member HH,297606
M44,SIZE1,4 Member HH,290339
M44,SIZE1,5+ Member HH,838266
M45,AGE,HOH Age 19 - 25,270062
M45,AGE,HOH Age 26 - 35,682078
M45,AGE,HOH Age 36 - 45,331125
M45,AGE,HOH Age 46 - 55,173553
M45,AGE,HOH Age 56 - 65,71274
M45,AGE,HOH Age 66+,23661
M45,EDUCATION,Completed College,137221
M45,EDUCATION,Completed Graduate School,68192
M45,EDUCATION,High School Graduates or Below,783653
M45,EDUCATION,Some College,562687
M45,ETHNICITY,African American,61024
M45,ETHNICITY,Asian,31401
M45,ETHNICITY,Hispanic,143451
M45,ETHNICITY,Other Ethnicity,18213
M45,ETHNICITY,Unknown Ethnicity,34311
M45,ETHNICITY,White,1263353
M45,INCOME,"Income $100,000 - $124,999",60894
M45,INCOME,"Income $125,000 - $149,999",24867
M45,INCOME,"Income $15,000 - $24,999",215142
M45,INCOME,"Income $150,000 - $174,999",16033
M45,INCOME,"Income $175,000 - $199,999",504
M45,INCOME,"Income $200,000 - $249,999",6112
M45,INCOME,"Income $25,000 - $34,999",251161
M45,INCOME,"Income $250,000+",6021
M45,INCOME,"Income $35,000 - $49,999",287601
M45,INCOME,"Income $50,000 - $74,999",316493
M45,INCOME,"Income $75,000 - $99,999",130511
M45,INCOME,"Income <$15,000",236414
M45,MARITAL_STATUS,Married,959181
M45,MARITAL_STATUS,Not Married,592572
M45,PRES_CHILDREN,Children Present,1187665
M45,PRES_CHILDREN,No Children Present,364088
M45,SIZE1,1 Member HH,142844
M45,SIZE1,2 Member HH,619161
M45,SIZE1,3 Member HH,275162
M45,SIZE1,4 Member HH,188386
M45,SIZE1,5+ Member HH,326200
N46,AGE,HOH Age 19 - 25,196700
N46,AGE,HOH Age 26 - 35,338834
N46,AGE,HOH Age 36 - 45,366707
N46,AGE,HOH Age 46 - 55,361916
N46,AGE,HOH Age 56 - 65,269692
N46,AGE,HOH Age 66+,329643
N46,EDUCATION,Completed College,257062
N46,EDUCATION,Completed Graduate School,140392
N46,EDUCATION,High School Graduates or Below,798630
N46,EDUCATION,Some College,667408
N46,ETHNICITY,African American,51794
N46,ETHNICITY,Asian,21423
N46,ETHNICITY,Hispanic,97576
N46,ETHNICITY,Other Ethnicity,18883
N46,ETHNICITY,Unknown Ethnicity,43919
N46,ETHNICITY,White,1629897
N46,INCOME,"Income $100,000 - $124,999",126872
N46,INCOME,"Income $125,000 - $149,999",52865
N46,INCOME,"Income $15,000 - $24,999",205246
N46,INCOME,"Income $150,000 - $174,999",40386
N46,INCOME,"Income $175,000 - $199,999",2765
N46,INCOME,"Income $200,000 - $249,999",14493
N46,INCOME,"Income $25,000 - $34,999",225315
N46,INCOME,"Income $250,000+",18772
N46,INCOME,"Income $35,000 - $49,999",318037
N46,INCOME,"Income $50,000 - $74,999",402208
N46,INCOME,"Income $75,000 - $99,999",235621
N46,INCOME,"Income <$15,000",220911
N46,INCOME,Unknown Income,1
N46,MARITAL_STATUS,Married,1342443
N46,MARITAL_STATUS,Not Married,521049
N46,PRES_CHILDREN,Children Present,597463
N46,PRES_CHILDREN,No Children Present,1266029
N46,SIZE1,1 Member HH,710958
N46,SIZE1,2 Member HH,688262
N46,SIZE1,3 Member HH,189855
N46,SIZE1,4 Member HH,116980
N46,SIZE1,5+ Member HH,157437
N47,AGE,HOH Age 19 - 25,226575
N47,AGE,HOH Age 26 - 35,459588
N47,AGE,HOH Age 36 - 45,258037
N47,AGE,HOH Age 46 - 55,402293
N47,AGE,HOH Age 56 - 65,72587
N47,AGE,HOH Age 66+,64699
N47,EDUCATION,Completed College,130354
N47,EDUCATION,Completed Graduate School,70132
N47,EDUCATION,High School Graduates or Below,796307
N47,EDUCATION,Some College,486986
N47,ETHNICITY,African American,40498
N47,ETHNICITY,Asian,15689
N47,ETHNICITY,Hispanic,94105
N47,ETHNICITY,Other Ethnicity,6101
N47,ETHNICITY,Unknown Ethnicity,37455
N47,ETHNICITY,White,1289931
N47,INCOME,"Income $100,000 - $124,999",93625
N47,INCOME,"Income $125,000 - $149,999",44288
N47,INCOME,"Income $15,000 - $24,999",162987
N47,INCOME,"Income $150,000 - $174,999",32669
N47,INCOME,"Income $175,000 - $199,999",422
N47,INCOME,"Income $200,000 - $249,999",7751
N47,INCOME,"Income $25,000 - $34,999",189163
N47,INCOME,"Income $250,000+",8224
N47,INCOME,"Income $35,000 - $49,999",344689
N47,INCOME,"Income $50,000 - $74,999",236290
N47,INCOME,"Income $75,000 - $99,999",147359
N47,INCOME,"Income <$15,000",216312
N47,MARITAL_STATUS,Married,1243859
N47,MARITAL_STATUS,Not Married,239920
N47,PRES_CHILDREN,Children Present,684257
N47,PRES_CHILDREN,No Children Present,799522
N47,SIZE1,1 Member HH,483144
N47,SIZE1,2 Member HH,875563
N47,SIZE1,3 Member HH,72091
N47,SIZE1,4 Member HH,29823
N47,SIZE1,5+ Member HH,23158
N48,AGE,HOH Age 19 - 25,173129
N48,AGE,HOH Age 26 - 35,293508
N48,AGE,HOH Age 36 - 45,308340
N48,AGE,HOH Age 46 - 55,423595
N48,AGE,HOH Age 56 - 65,382675
N48,AGE,HOH Age 66+,278842
N48,EDUCATION,Completed College,155244
N48,EDUCATION,Completed Graduate School,74915
N48,EDUCATION,High School Graduates or Below,1093321
N48,EDUCATION,Some College,536609
N48,ETHNICITY,African American,1855715
N48,ETHNICITY,Asian,575
N48,ETHNICITY,Hispanic,1010
N48,ETHNICITY,Other Ethnicity,255
N48,ETHNICITY,Unknown Ethnicity,67
N48,ETHNICITY,White,2467
N48,INCOME,"Income $100,000 - $124,999",73223
N48,INCOME,"Income $125,000 - $149,999",27605
N48,INCOME,"Income $15,000 - $24,999",272589
N48,INCOME,"Income $150,000 - $174,999",19718
N48,INCOME,"Income $175,000 - $199,999",553
N48,INCOME,"Income $200,000 - $249,999",6995
N48,INCOME,"Income $25,000 - $34,999",264488
N48,INCOME,"Income $250,000+",7293
N48,INCOME,"Income $35,000 - $49,999",356995
N48,INCOME,"Income $50,000 - $74,999",403430
N48,INCOME,"Income $75,000 - $99,999",145740
N48,INCOME,"Income <$15,000",281459
N48,INCOME,Unknown Income,1
N48,MARITAL_STATUS,Married,1284303
N48,MARITAL_STATUS,Not Married,575786
N48,PRES_CHILDREN,Children Present,789953
N48,PRES_CHILDREN,No Children Present,1070136
N48,SIZE1,1 Member HH,418541
N48,SIZE1,2 Member HH,689690
N48,SIZE1,3 Member HH,265931
N48,SIZE1,4 Member HH,186782
N48,SIZE1,5+ Member HH,299145
N49,AGE,HOH Age 19 - 25,56803
N49,AGE,HOH Age 26 - 35,68073
N49,AGE,HOH Age 36 - 45,392822
N49,AGE,HOH Age 46 - 55,248322
N49,AGE,HOH Age 56 - 65,2856
N49,AGE,HOH Age 66+,32768
N49,EDUCATION,Completed College,58377
N49,EDUCATION,Completed Graduate School,34611
N49,EDUCATION,High School Graduates or Below,480635
N49,EDUCATION,Some College,228021
N49,ETHNICITY,African American,21746
N49,ETHNICITY,Asian,7524
N49,ETHNICITY,Hispanic,33938
N49,ETHNICITY,Other Ethnicity,8234
N49,ETHNICITY,Unknown Ethnicity,14487
N49,ETHNICITY,White,715715
N49,INCOME,"Income $100,000 - $124,999",28594
N49,INCOME,"Income $125,000 - $149,999",8933
N49,INCOME,"Income $15,000 - $24,999",96438
N49,INCOME,"Income $150,000 - $174,999",5692
N49,INCOME,"Income $175,000 - $199,999",104
N49,INCOME,"Income $200,000 - $249,999",1704
N49,INCOME,"Income $25,000 - $34,999",110497
N49,INCOME,"Income $250,000+",1451
N49,INCOME,"Income $35,000 - $49,999",151034
N49,INCOME,"Income $50,000 - $74,999",172009
N49,INCOME,"Income $75,000 - $99,999",53685
N49,INCOME,"Income <$15,000",171503
N49,MARITAL_STATUS,Married,638820
N49,MARITAL_STATUS,Not Married,162824
N49,PRES_CHILDREN,Children Present,308389
N49,PRES_CHILDREN,No Children Present,493255
N49,SIZE1,1 Member HH,202743
N49,SIZE1,2 Member HH,450367
N49,SIZE1,3 Member HH,79261
N49,SIZE1,4 Member HH,36688
N49,SIZE1,5+ Member HH,32585
O50,AGE,HOH Age 19 - 25,81282
O50,AGE,HOH Age 26 - 35,214035
O50,AGE,HOH Age 36 - 45,322351
O50,AGE,HOH Age 46 - 55,170823
O50,AGE,HOH Age 56 - 65,30087
O50,AGE,HOH Age 66+,10294
O50,EDUCATION,Completed College,107695
O50,EDUCATION,Completed Graduate School,42818
O50,EDUCATION,High School Graduates or Below,357151
O50,EDUCATION,Some College,321208
O50,ETHNICITY,African American,117493
O50,ETHNICITY,Asian,52060
O50,ETHNICITY,Hispanic,125299
O50,ETHNICITY,Other Ethnicity,3031
O50,ETHNICITY,Unknown Ethnicity,22864
O50,ETHNICITY,White,508125
O50,INCOME,"Income $100,000 - $124,999",56871
O50,INCOME,"Income $125,000 - $149,999",47214
O50,INCOME,"Income $15,000 - $24,999",94258
O50,INCOME,"Income $150,000 - $174,999",38756
O50,INCOME,"Income $175,000 - $199,999",2017
O50,INCOME,"Income $200,000 - $249,999",18428
O50,INCOME,"Income $25,000 - $34,999",122792
O50,INCOME,"Income $250,000+",24050
O50,INCOME,"Income $35,000 - $49,999",121457
O50,INCOME,"Income $50,000 - $74,999",79735
O50,INCOME,"Income $75,000 - $99,999",47745
O50,INCOME,"Income <$15,000",175549
O50,MARITAL_STATUS,Married,172965
O50,MARITAL_STATUS,Not Married,655907
O50,PRES_CHILDREN,Children Present,369623
O50,PRES_CHILDREN,No Children Present,459249
O50,SIZE1,1 Member HH,389103
O50,SIZE1,2 Member HH,379232
O50,SIZE1,3 Member HH,35249
O50,SIZE1,4 Member HH,14066
O50,SIZE1,5+ Member HH,11222
O51,AGE,HOH Age 19 - 25,1324216
O51,AGE,HOH Age 26 - 35,3683088
O51,AGE,HOH Age 36 - 45,159534
O51,AGE,HOH Age 46 - 55,81664
O51,AGE,HOH Age 56 - 65,21267
O51,AGE,HOH Age 66+,16964
O51,EDUCATION,Completed College,539657
O51,EDUCATION,Completed Graduate School,371788
O51,EDUCATION,High School Graduates or Below,2206973
O51,EDUCATION,Some College,2168315
O51,ETHNICITY,African American,286325
O51,ETHNICITY,Asian,190027
O51,ETHNICITY,Hispanic,667455
O51,ETHNICITY,Other Ethnicity,34143
O51,ETHNICITY,Unknown Ethnicity,161346
O51,ETHNICITY,White,3947437
O51,INCOME,"Income $100,000 - $124,999",333904
O51,INCOME,"Income $125,000 - $149,999",194413
O51,INCOME,"Income $15,000 - $24,999",552305
O51,INCOME,"Income $150,000 - $174,999",152826
O51,INCOME,"Income $175,000 - $199,999",5972
O51,INCOME,"Income $200,000 - $249,999",51899
O51,INCOME,"Income $25,000 - $34,999",694120
O51,INCOME,"Income $250,000+",56492
O51,INCOME,"Income $35,000 - $49,999",1380391
O51,INCOME,"Income $50,000 - $74,999",719357
O51,INCOME,"Income $75,000 - $99,999",461366
O51,INCOME,"Income <$15,000",683631
O51,INCOME,Unknown Income,57
O51,MARITAL_STATUS,Married,2859084
O51,MARITAL_STATUS,Not Married,2427649
O51,PRES_CHILDREN,Children Present,2038060
O51,PRES_CHILDREN,No Children Present,3248673
O51,SIZE1,1 Member HH,2048225
O51,SIZE1,2 Member HH,2712129
O51,SIZE1,3 Member HH,313511
O51,SIZE1,4 Member HH,117870
O51,SIZE1,5+ Member HH,94998
O52,AGE,HOH Age 19 - 25,279919
O52,AGE,HOH Age 26 - 35,528166
O52,AGE,HOH Age 36 - 45,376608
O52,AGE,HOH Age 46 - 55,285870
O52,AGE,HOH Age 56 - 65,79188
O52,AGE,HOH Age 66+,19899
O52,EDUCATION,Completed College,200524
O52,EDUCATION,Completed Graduate School,99849
O52,EDUCATION,High School Graduates or Below,697585
O52,EDUCATION,Some College,571692
O52,ETHNICITY,African American,1565726
O52,ETHNICITY,Asian,977
O52,ETHNICITY,Hispanic,1034
O52,ETHNICITY,Other Ethnicity,98
O52,ETHNICITY,Unknown Ethnicity,92
O52,ETHNICITY,White,1723
O52,INCOME,"Income $100,000 - $124,999",82350
O52,INCOME,"Income $125,000 - $149,999",53554
O52,INCOME,"Income $15,000 - $24,999",207099
O52,INCOME,"Income $150,000 - $174,999",41002
O52,INCOME,"Income $175,000 - $199,999",686
O52,INCOME,"Income $200,000 - $249,999",16016
O52,INCOME,"Income $25,000 - $34,999",239088
O52,INCOME,"Income $250,000+",20818
O52,INCOME,"Income $35,000 - $49,999",278918
O52,INCOME,"Income $50,000 - $74,999",172879
O52,INCOME,"Income $75,000 - $99,999",123827
O52,INCOME,"Income <$15,000",333413
O52,MARITAL_STATUS,Married,196098
O52,MARITAL_STATUS,Not Married,1373552
O52,PRES_CHILDREN,Children Present,692389
O52,PRES_CHILDREN,No Children Present,877261
O52,SIZE1,1 Member HH,692414
O52,SIZE1,2 Member HH,686749
O52,SIZE1,3 Member HH,100596
O52,SIZE1,4 Member HH,44365
O52,SIZE1,5+ Member HH,45526
O53,AGE,HOH Age 19 - 25,392237
O53,AGE,HOH Age 26 - 35,235316
O53,AGE,HOH Age 36 - 45,163350
O53,AGE,HOH Age 46 - 55,101467
O53,AGE,HOH Age 56 - 65,116762
O53,AGE,HOH Age 66+,59644
O53,EDUCATION,Completed College,255779
O53,EDUCATION,Completed Graduate School,221197
O53,EDUCATION,High School Graduates or Below,289329
O53,EDUCATION,Some College,302471
O53,ETHNICITY,African American,108402
O53,ETHNICITY,Asian,113547
O53,ETHNICITY,Hispanic,81822
O53,ETHNICITY,Other Ethnicity,3058
O53,ETHNICITY,Unknown Ethnicity,34458
O53,ETHNICITY,White,727489
O53,INCOME,"Income $100,000 - $124,999",50000
O53,INCOME,"Income $125,000 - $149,999",23111
O53,INCOME,"Income $15,000 - $24,999",160633
O53,INCOME,"Income $150,000 - $174,999",19595
O53,INCOME,"Income $175,000 - $199,999",3812
O53,INCOME,"Income $200,000 - $249,999",10278
O53,INCOME,"Income $25,000 - $34,999",128711
O53,INCOME,"Income $250,000+",12211
O53,INCOME,"Income $35,000 - $49,999",139234
O53,INCOME,"Income $50,000 - $74,999",123518
O53,INCOME,"Income $75,000 - $99,999",74333
O53,INCOME,"Income <$15,000",323340
O53,MARITAL_STATUS,Married,128091
O53,MARITAL_STATUS,Not Married,940685
O53,PRES_CHILDREN,Children Present,248054
O53,PRES_CHILDREN,No Children Present,820722
O53,SIZE1,1 Member HH,667896
O53,SIZE1,2 Member HH,295006
O53,SIZE1,3 Member HH,54307
O53,SIZE1,4 Member HH,24413
O53,SIZE1,5+ Member HH,27154
O54,AGE,HOH Age 19 - 25,756483
O54,AGE,HOH Age 26 - 35,2270384
O54,AGE,HOH Age 36 - 45,114205
O54,AGE,HOH Age 46 - 55,51594
O54,AGE,HOH Age 56 - 65,12591
O54,AGE,HOH Age 66+,3832
O54,EDUCATION,Completed College,514971
O54,EDUCATION,Completed Graduate School,351467
O54,EDUCATION,High School Graduates or Below,1249739
O54,EDUCATION,Some College,1092912
O54,ETHNICITY,African American,569260
O54,ETHNICITY,Asian,293227
O54,ETHNICITY,Hispanic,604139
O54,ETHNICITY,Other Ethnicity,10386
O54,ETHNICITY,Unknown Ethnicity,96627
O54,ETHNICITY,White,1635450
O54,INCOME,"Income $100,000 - $124,999",194348
O54,INCOME,"Income $125,000 - $149,999",103922
O54,INCOME,"Income $15,000 - $24,999",493302
O54,INCOME,"Income $150,000 - $174,999",95848
O54,INCOME,"Income $175,000 - $199,999",7498
O54,INCOME,"Income $200,000 - $249,999",45848
O54,INCOME,"Income $25,000 - $34,999",472154
O54,INCOME,"Income $250,000+",56274
O54,INCOME,"Income $35,000 - $49,999",507623
O54,INCOME,"Income $50,000 - $74,999",243294
O54,INCOME,"Income $75,000 - $99,999",185375
O54,INCOME,"Income <$15,000",803603
O54,MARITAL_STATUS,Married,189102
O54,MARITAL_STATUS,Not Married,3019987
O54,PRES_CHILDREN,Children Present,692652
O54,PRES_CHILDREN,No Children Present,2516437
O54,SIZE1,1 Member HH,2286464
O54,SIZE1,2 Member HH,823328
O54,SIZE1,3 Member HH,65170
O54,SIZE1,4 Member HH,21792
O54,SIZE1,5+ Member HH,12335
O55,AGE,HOH Age 19 - 25,378932
O55,AGE,HOH Age 26 - 35,1334503
O55,AGE,HOH Age 36 - 45,134875
O55,AGE,HOH Age 46 - 55,42690
O55,AGE,HOH Age 56 - 65,14473
O55,AGE,HOH Age 66+,4068
O55,EDUCATION,Completed College,162653
O55,EDUCATION,Completed Graduate School,96933
O55,EDUCATION,High School Graduates or Below,1021679
O55,EDUCATION,Some College,628276
O55,ETHNICITY,African American,232385
O55,ETHNICITY,Asian,76228
O55,ETHNICITY,Hispanic,526206
O55,ETHNICITY,Other Ethnicity,14195
O55,ETHNICITY,Unknown Ethnicity,43888
O55,ETHNICITY,White,1016639
O55,INCOME,"Income $100,000 - $124,999",83192
O55,INCOME,"Income $125,000 - $149,999",54552
O55,INCOME,"Income $15,000 - $24,999",313918
O55,INCOME,"Income $150,000 - $174,999",38820
O55,INCOME,"Income $175,000 - $199,999",1686
O55,INCOME,"Income $200,000 - $249,999",16164
O55,INCOME,"Income $25,000 - $34,999",335070
O55,INCOME,"Income $250,000+",17165
O55,INCOME,"Income $35,000 - $49,999",274453
O55,INCOME,"Income $50,000 - $74,999",188799
O55,INCOME,"Income $75,000 - $99,999",120839
O55,INCOME,"Income <$15,000",464883
O55,MARITAL_STATUS,Married,799627
O55,MARITAL_STATUS,Not Married,1109914
O55,PRES_CHILDREN,Children Present,1669613
O55,PRES_CHILDREN,No Children Present,239928
O55,SIZE1,1 Member HH,111998
O55,SIZE1,2 Member HH,1185381
O55,SIZE1,3 Member HH,310452
O55,SIZE1,4 Member HH,145672
O55,SIZE1,5+ Member HH,156038
P56,AGE,HOH Age 19 - 25,50669
P56,AGE,HOH Age 26 - 35,46329
P56,AGE,HOH Age 36 - 45,598045
P56,AGE,HOH Age 46 - 55,342143
P56,AGE,HOH Age 56 - 65,55110
P56,AGE,HOH Age 66+,74432
P56,EDUCATION,Completed College,149330
P56,EDUCATION,Completed Graduate School,57209
P56,EDUCATION,High School Graduates or Below,478778
P56,EDUCATION,Some College,481411
P56,ETHNICITY,African American,28706
P56,ETHNICITY,Asian,63080
P56,ETHNICITY,Hispanic,173248
P56,ETHNICITY,Other Ethnicity,13658
P56,ETHNICITY,Unknown Ethnicity,36270
P56,ETHNICITY,White,851766
P56,INCOME,"Income $100,000 - $124,999",56503
P56,INCOME,"Income $125,000 - $149,999",28086
P56,INCOME,"Income $15,000 - $24,999",115313
P56,INCOME,"Income $150,000 - $174,999",19105
P56,INCOME,"Income $175,000 - $199,999",521
P56,INCOME,"Income $200,000 - $249,999",6597
P56,INCOME,"Income $25,000 - $34,999",161892
P56,INCOME,"Income $250,000+",7394
P56,INCOME,"Income $35,000 - $49,999",264092
P56,INCOME,"Income $50,000 - $74,999",276653
P56,INCOME,"Income $75,000 - $99,999",103099
P56,INCOME,"Income <$15,000",127471
P56,INCOME,Unknown Income,2
P56,MARITAL_STATUS,Married,292014
P56,MARITAL_STATUS,Not Married,874714
P56,PRES_CHILDREN,Children Present,443124
P56,PRES_CHILDREN,No Children Present,723604
P56,SIZE1,1 Member HH,448922
P56,SIZE1,2 Member HH,556535
P56,SIZE1,3 Member HH,92940
P56,SIZE1,4 Member HH,36293
P56,SIZE1,5+ Member HH,32038
P57,AGE,HOH Age 19 - 25,82489
P57,AGE,HOH Age 26 - 35,169734
P57,AGE,HOH Age 36 - 45,196658
P57,AGE,HOH Age 46 - 55,231626
P57,AGE,HOH Age 56 - 65,134785
P57,AGE,HOH Age 66+,45179
P57,EDUCATION,Completed College,102967
P57,EDUCATION,Completed Graduate School,45720
P57,EDUCATION,High School Graduates or Below,439676
P57,EDUCATION,Some College,272108
P57,ETHNICITY,African American,765407
P57,ETHNICITY,Asian,7758
P57,ETHNICITY,Hispanic,64706
P57,ETHNICITY,Other Ethnicity,1420
P57,ETHNICITY,Unknown Ethnicity,1004
P57,ETHNICITY,White,20176
P57,INCOME,"Income $100,000 - $124,999",39883
P57,INCOME,"Income $125,000 - $149,999",19420
P57,INCOME,"Income $15,000 - $24,999",128683
P57,INCOME,"Income $150,000 - $174,999",15620
P57,INCOME,"Income $175,000 - $199,999",266
P57,INCOME,"Income $200,000 - $249,999",4632
P57,INCOME,"Income $25,000 - $34,999",112963
P57,INCOME,"Income $250,000+",6416
P57,INCOME,"Income $35,000 - $49,999",107038
P57,INCOME,"Income $50,000 - $74,999",110658
P57,INCOME,"Income $75,000 - $99,999",58641
P57,INCOME,"Income <$15,000",256251
P57,MARITAL_STATUS,Married,151469
P57,MARITAL_STATUS,Not Married,709002
P57,PRES_CHILDREN,Children Present,441873
P57,PRES_CHILDREN,No Children Present,418598
P57,SIZE1,1 Member HH,237586
P57,SIZE1,2 Member HH,391511
P57,SIZE1,3 Member HH,103514
P57,SIZE1,4 Member HH,54672
P57,SIZE1,5+ Member HH,73188
P58,AGE,HOH Age 19 - 25,50770
P58,AGE,HOH Age 26 - 35,161797
P58,AGE,HOH Age 36 - 45,188513
P58,AGE,HOH Age 46 - 55,135429
P58,AGE,HOH Age 56 - 65,58774
P58,AGE,HOH Age 66+,31705
P58,EDUCATION,Completed College,60608
P58,EDUCATION,Completed Graduate School,21545
P58,EDUCATION,High School Graduates or Below,424764
P58,EDUCATION,Some College,120071
P58,ETHNICITY,African American,2256
P58,ETHNICITY,Asian,72866
P58,ETHNICITY,Hispanic,457886
P58,ETHNICITY,Other Ethnicity,1392
P58,ETHNICITY,Unknown Ethnicity,11466
P58,ETHNICITY,White,81122
P58,INCOME,"Income $100,000 - $124,999",30906
P58,INCOME,"Income $125,000 - $149,999",17882
P58,INCOME,"Income $15,000 - $24,999",96747
P58,INCOME,"Income $150,000 - $174,999",13877
P58,INCOME,"Income $175,000 - $199,999",322
P58,INCOME,"Income $200,000 - $249,999",5176
P58,INCOME,"Income $25,000 - $34,999",83956
P58,INCOME,"Income $250,000+",6653
P58,INCOME,"Income $35,000 - $49,999",97179
P58,INCOME,"Income $50,000 - $74,999",82524
P58,INCOME,"Income $75,000 - $99,999",44182
P58,INCOME,"Income <$15,000",147584
P58,MARITAL_STATUS,Married,189464
P58,MARITAL_STATUS,Not Married,437524
P58,PRES_CHILDREN,Children Present,401482
P58,PRES_CHILDREN,No Children Present,225506
P58,SIZE1,1 Member HH,101709
P58,SIZE1,2 Member HH,398753
P58,SIZE1,3 Member HH,67612
P58,SIZE1,4 Member HH,28175
P58,SIZE1,5+ Member HH,30739
P59,AGE,HOH Age 19 - 25,160401
P59,AGE,HOH Age 26 - 35,369336
P59,AGE,HOH Age 36 - 45,387325
P59,AGE,HOH Age 46 - 55,367672
P59,AGE,HOH Age 56 - 65,251283
P59,AGE,HOH Age 66+,116095
P59,EDUCATION,Completed College,55249
P59,EDUCATION,Completed Graduate School,22912
P59,EDUCATION,High School Graduates or Below,1366697
P59,EDUCATION,Some College,207254
P59,ETHNICITY,African American,2169
P59,ETHNICITY,Asian,9097
P59,ETHNICITY,Hispanic,1594275
P59,ETHNICITY,Other Ethnicity,3934
P59,ETHNICITY,Unknown Ethnicity,3159
P59,ETHNICITY,White,39478
P59,INCOME,"Income $100,000 - $124,999",46238
P59,INCOME,"Income $125,000 - $149,999",17104
P59,INCOME,"Income $15,000 - $24,999",285861
P59,INCOME,"Income $150,000 - $174,999",9618
P59,INCOME,"Income $175,000 - $199,999",136
P59,INCOME,"Income $200,000 - $249,999",3355
P59,INCOME,"Income $25,000 - $34,999",263646
P59,INCOME,"Income $250,000+",2645
P59,INCOME,"Income $35,000 - $49,999",337824
P59,INCOME,"Income $50,000 - $74,999",312537
P59,INCOME,"Income $75,000 - $99,999",108259
P59,INCOME,"Income <$15,000",264889
P59,MARITAL_STATUS,Married,1350755
P59,MARITAL_STATUS,Not Married,301357
P59,PRES_CHILDREN,Children Present,985690
P59,PRES_CHILDREN,No Children Present,666422
P59,SIZE1,1 Member HH,50154
P59,SIZE1,2 Member HH,742113
P59,SIZE1,3 Member HH,307370
P59,SIZE1,4 Member HH,222277
P59,SIZE1,5+ Member HH,330198
P60,AGE,HOH Age 19 - 25,114112
P60,AGE,HOH Age 26 - 35,285415
P60,AGE,HOH Age 36 - 45,424222
P60,AGE,HOH Age 46 - 55,174403
P60,AGE,HOH Age 56 - 65,67661
P60,AGE,HOH Age 66+,27759
P60,EDUCATION,Completed College,40851
P60,EDUCATION,Completed Graduate School,18462
P60,EDUCATION,High School Graduates or Below,925086
P60,EDUCATION,Some College,109173
P60,ETHNICITY,African American,1624
P60,ETHNICITY,Asian,14552
P60,ETHNICITY,Hispanic,1021491
P60,ETHNICITY,Other Ethnicity,572
P60,ETHNICITY,Unknown Ethnicity,5889
P60,ETHNICITY,White,49444
P60,INCOME,"Income $100,000 - $124,999",39973
P60,INCOME,"Income $125,000 - $149,999",30245
P60,INCOME,"Income $15,000 - $24,999",188692
P60,INCOME,"Income $150,000 - $174,999",21048
P60,INCOME,"Income $175,000 - $199,999",112
P60,INCOME,"Income $200,000 - $249,999",9092
P60,INCOME,"Income $25,000 - $34,999",176936
P60,INCOME,"Income $250,000+",10626
P60,INCOME,"Income $35,000 - $49,999",152252
P60,INCOME,"Income $50,000 - $74,999",88837
P60,INCOME,"Income $75,000 - $99,999",65397
P60,INCOME,"Income <$15,000",310362
P60,MARITAL_STATUS,Married,379131
P60,MARITAL_STATUS,Not Married,714441
P60,PRES_CHILDREN,Children Present,909143
P60,PRES_CHILDREN,No Children Present,184429
P60,SIZE1,1 Member HH,24605
P60,SIZE1,2 Member HH,643292
P60,SIZE1,3 Member HH,200212
P60,SIZE1,4 Member HH,127432
P60,SIZE1,5+ Member HH,98031
P61,AGE,HOH Age 19 - 25,34499
P61,AGE,HOH Age 26 - 35,73158
P61,AGE,HOH Age 36 - 45,346075
P61,AGE,HOH Age 46 - 55,124406
P61,AGE,HOH Age 56 - 65,29335
P61,AGE,HOH Age 66+,9203
P61,EDUCATION,Completed College,36526
P61,EDUCATION,Completed Graduate School,16337
P61,EDUCATION,High School Graduates or Below,473933
P61,EDUCATION,Some College,89880
P61,ETHNICITY,African American,69182
P61,ETHNICITY,Asian,16110
P61,ETHNICITY,Hispanic,452365
P61,ETHNICITY,Other Ethnicity,1291
P61,ETHNICITY,Unknown Ethnicity,5311
P61,ETHNICITY,White,72417
P61,INCOME,"Income $100,000 - $124,999",20901
P61,INCOME,"Income $125,000 - $149,999",12771
P61,INCOME,"Income $15,000 - $24,999",105408
P61,INCOME,"Income $150,000 - $174,999",8963
P61,INCOME,"Income $175,000 - $199,999",101
P61,INCOME,"Income $200,000 - $249,999",3282
P61,INCOME,"Income $25,000 - $34,999",85936
P61,INCOME,"Income $250,000+",4018
P61,INCOME,"Income $35,000 - $49,999",57857
P61,INCOME,"Income $50,000 - $74,999",43589
P61,INCOME,"Income $75,000 - $99,999",29773
P61,INCOME,"Income <$15,000",244077
P61,MARITAL_STATUS,Married,100965
P61,MARITAL_STATUS,Not Married,515711
P61,PRES_CHILDREN,Children Present,497432
P61,PRES_CHILDREN,No Children Present,119244
P61,SIZE1,1 Member HH,55711
P61,SIZE1,2 Member HH,429843
P61,SIZE1,3 Member HH,72184
P61,SIZE1,4 Member HH,34797
P61,SIZE1,5+ Member HH,24141
Q62,AGE,HOH Age 19 - 25,4254
Q62,AGE,HOH Age 26 - 35,6593
Q62,AGE,HOH Age 36 - 45,4924
Q62,AGE,HOH Age 46 - 55,12949
Q62,AGE,HOH Age 56 - 65,38218
Q62,AGE,HOH Age 66+,1805534
Q62,EDUCATION,Completed College,333321
Q62,EDUCATION,Completed Graduate School,324751
Q62,EDUCATION,High School Graduates or Below,826553
Q62,EDUCATION,Some College,387847
Q62,ETHNICITY,African American,70696
Q62,ETHNICITY,Asian,43572
Q62,ETHNICITY,Hispanic,64337
Q62,ETHNICITY,Other Ethnicity,3838
Q62,ETHNICITY,Unknown Ethnicity,55627
Q62,ETHNICITY,White,1634402
Q62,INCOME,"Income $100,000 - $124,999",114762
Q62,INCOME,"Income $125,000 - $149,999",60074
Q62,INCOME,"Income $15,000 - $24,999",253412
Q62,INCOME,"Income $150,000 - $174,999",32000
Q62,INCOME,"Income $175,000 - $199,999",8073
Q62,INCOME,"Income $200,000 - $249,999",9329
Q62,INCOME,"Income $25,000 - $34,999",250610
Q62,INCOME,"Income $250,000+",10088
Q62,INCOME,"Income $35,000 - $49,999",364902
Q62,INCOME,"Income $50,000 - $74,999",516963
Q62,INCOME,"Income $75,000 - $99,999",100811
Q62,INCOME,"Income <$15,000",151448
Q62,MARITAL_STATUS,Married,1024569
Q62,MARITAL_STATUS,Not Married,847903
Q62,PRES_CHILDREN,Children Present,18910
Q62,PRES_CHILDREN,No Children Present,1853562
Q62,SIZE1,1 Member HH,801442
Q62,SIZE1,2 Member HH,690074
Q62,SIZE1,3 Member HH,264728
Q62,SIZE1,4 Member HH,79494
Q62,SIZE1,5+ Member HH,36734
Q63,AGE,HOH Age 19 - 25,1889
Q63,AGE,HOH Age 26 - 35,5256
Q63,AGE,HOH Age 36 - 45,8086
Q63,AGE,HOH Age 46 - 55,19873
Q63,AGE,HOH Age 56 - 65,74008
Q63,AGE,HOH Age 66+,455406
Q63,EDUCATION,Completed College,74076
Q63,EDUCATION,Completed Graduate School,57542
Q63,EDUCATION,High School Graduates or Below,277029
Q63,EDUCATION,Some College,155871
Q63,ETHNICITY,African American,10049
Q63,ETHNICITY,Asian,10949
Q63,ETHNICITY,Hispanic,35012
Q63,ETHNICITY,Other Ethnicity,1368
Q63,ETHNICITY,Unknown Ethnicity,20508
Q63,ETHNICITY,White,486632
Q63,INCOME,"Income $100,000 - $124,999",24290
Q63,INCOME,"Income $125,000 - $149,999",9209
Q63,INCOME,"Income $15,000 - $24,999",100536
Q63,INCOME,"Income $150,000 - $174,999",7345
Q63,INCOME,"Income $175,000 - $199,999",690
Q63,INCOME,"Income $200,000 - $249,999",3192
Q63,INCOME,"Income $25,000 - $34,999",88737
Q63,INCOME,"Income $250,000+",3625
Q63,INCOME,"Income $35,000 - $49,999",111718
Q63,INCOME,"Income $50,000 - $74,999",102607
Q63,INCOME,"Income $75,000 - $99,999",36696
Q63,INCOME,"Income <$15,000",75873
Q63,MARITAL_STATUS,Married,247422
Q63,MARITAL_STATUS,Not Married,317096
Q63,PRES_CHILDREN,Children Present,21550
Q63,PRES_CHILDREN,No Children Present,542968
Q63,SIZE1,1 Member HH,274281
Q63,SIZE1,2 Member HH,185898
Q63,SIZE1,3 Member HH,65231
Q63,SIZE1,4 Member HH,23534
Q63,SIZE1,5+ Member HH,15574
Q64,AGE,HOH Age 19 - 25,9837
Q64,AGE,HOH Age 26 - 35,8089
Q64,AGE,HOH Age 36 - 45,9578
Q64,AGE,HOH Age 46 - 55,22362
Q64,AGE,HOH Age 56 - 65,85190
Q64,AGE,HOH Age 66+,4628151
Q64,EDUCATION,Completed College,395823
Q64,EDUCATION,Completed Graduate School,236074
Q64,EDUCATION,High School Graduates or Below,3292589
Q64,EDUCATION,Some College,838721
Q64,ETHNICITY,African American,539427
Q64,ETHNICITY,Asian,58718
Q64,ETHNICITY,Hispanic,260061
Q64,ETHNICITY,Other Ethnicity,27020
Q64,ETHNICITY,Unknown Ethnicity,93808
Q64,ETHNICITY,White,3784173
Q64,INCOME,"Income $100,000 - $124,999",78825
Q64,INCOME,"Income $125,000 - $149,999",29503
Q64,INCOME,"Income $15,000 - $24,999",1137065
Q64,INCOME,"Income $150,000 - $174,999",19168
Q64,INCOME,"Income $175,000 - $199,999",763
Q64,INCOME,"Income $200,000 - $249,999",6361
Q64,INCOME,"Income $25,000 - $34,999",997419
Q64,INCOME,"Income $250,000+",4139
Q64,INCOME,"Income $35,000 - $49,999",1160047
Q64,INCOME,"Income $50,000 - $74,999",677093
Q64,INCOME,"Income $75,000 - $99,999",126382
Q64,INCOME,"Income <$15,000",526442
Q64,MARITAL_STATUS,Married,2431290
Q64,MARITAL_STATUS,Not Married,2331917
Q64,PRES_CHILDREN,Children Present,75520
Q64,PRES_CHILDREN,No Children Present,4687687
Q64,SIZE1,1 Member HH,2060420
Q64,SIZE1,2 Member HH,1745496
Q64,SIZE1,3 Member HH,645773
Q64,SIZE1,4 Member HH,208801
Q64,SIZE1,5+ Member HH,102717
Q65,AGE,HOH Age 19 - 25,3889
Q65,AGE,HOH Age 26 - 35,6361
Q65,AGE,HOH Age 36 - 45,8355
Q65,AGE,HOH Age 46 - 55,61415
Q65,AGE,HOH Age 56 - 65,336976
Q65,AGE,HOH Age 66+,1515319
Q65,EDUCATION,Completed College,185658
Q65,EDUCATION,Completed Graduate School,139357
Q65,EDUCATION,High School Graduates or Below,1276216
Q65,EDUCATION,Some College,331084
Q65,ETHNICITY,African American,227453
Q65,ETHNICITY,Asian,61470
Q65,ETHNICITY,Hispanic,176588
Q65,ETHNICITY,Other Ethnicity,5152
Q65,ETHNICITY,Unknown Ethnicity,51127
Q65,ETHNICITY,White,1410525
Q65,INCOME,"Income $100,000 - $124,999",48405
Q65,INCOME,"Income $125,000 - $149,999",25334
Q65,INCOME,"Income $15,000 - $24,999",522651
Q65,INCOME,"Income $150,000 - $174,999",19467
Q65,INCOME,"Income $175,000 - $199,999",2611
Q65,INCOME,"Income $200,000 - $249,999",9222
Q65,INCOME,"Income $25,000 - $34,999",221698
Q65,INCOME,"Income $250,000+",10410
Q65,INCOME,"Income $35,000 - $49,999",168963
Q65,INCOME,"Income $50,000 - $74,999",120445
Q65,INCOME,"Income $75,000 - $99,999",37286
Q65,INCOME,"Income <$15,000",745823
Q65,MARITAL_STATUS,Married,306027
Q65,MARITAL_STATUS,Not Married,1626288
Q65,PRES_CHILDREN,Children Present,54531
Q65,PRES_CHILDREN,No Children Present,1877784
Q65,SIZE1,1 Member HH,1321197
Q65,SIZE1,2 Member HH,418211
Q65,SIZE1,3 Member HH,118402
Q65,SIZE1,4 Member HH,42919
Q65,SIZE1,5+ Member HH,31586
R66,AGE,HOH Age 19 - 25,394329
R66,AGE,HOH Age 26 - 35,613470
R66,AGE,HOH Age 36 - 45,440715
R66,AGE,HOH Age 46 - 55,262839
R66,AGE,HOH Age 56 - 65,93432
R66,AGE,HOH Age 66+,38289
R66,EDUCATION,Completed College,141112
R66,EDUCATION,Completed Graduate School,69515
R66,EDUCATION,High School Graduates or Below,1119191
R66,EDUCATION,Some College,513256
R66,ETHNICITY,African American,25539
R66,ETHNICITY,Asian,91499
R66,ETHNICITY,Hispanic,530381
R66,ETHNICITY,Other Ethnicity,20079
R66,ETHNICITY,Unknown Ethnicity,53442
R66,ETHNICITY,White,1122134
R66,INCOME,"Income $100,000 - $124,999",56988
R66,INCOME,"Income $125,000 - $149,999",32903
R66,INCOME,"Income $15,000 - $24,999",286388
R66,INCOME,"Income $150,000 - $174,999",21751
R66,INCOME,"Income $175,000 - $199,999",283
R66,INCOME,"Income $200,000 - $249,999",8600
R66,INCOME,"Income $25,000 - $34,999",305047
R66,INCOME,"Income $250,000+",8274
R66,INCOME,"Income $35,000 - $49,999",270476
R66,INCOME,"Income $50,000 - $74,999",131276
R66,INCOME,"Income $75,000 - $99,999",96116
R66,INCOME,"Income <$15,000",624972
R66,MARITAL_STATUS,Married,81620
R66,MARITAL_STATUS,Not Married,1761454
R66,PRES_CHILDREN,Children Present,1018357
R66,PRES_CHILDREN,No Children Present,824717
R66,SIZE1,1 Member HH,680421
R66,SIZE1,2 Member HH,989646
R66,SIZE1,3 Member HH,104929
R66,SIZE1,4 Member HH,40242
R66,SIZE1,5+ Member HH,27836
R67,AGE,HOH Age 19 - 25,266690
R67,AGE,HOH Age 26 - 35,329301
R67,AGE,HOH Age 36 - 45,281444
R67,AGE,HOH Age 46 - 55,213092
R67,AGE,HOH Age 56 - 65,45348
R67,AGE,HOH Age 66+,11415
R67,EDUCATION,Completed College,78017
R67,EDUCATION,Completed Graduate School,49605
R67,EDUCATION,High School Graduates or Below,704681
R67,EDUCATION,Some College,314987
R67,ETHNICITY,African American,1132835
R67,ETHNICITY,Asian,2685
R67,ETHNICITY,Hispanic,5284
R67,ETHNICITY,Other Ethnicity,564
R67,ETHNICITY,Unknown Ethnicity,303
R67,ETHNICITY,White,5619
R67,INCOME,"Income $100,000 - $124,999",21741
R67,INCOME,"Income $125,000 - $149,999",8647
R67,INCOME,"Income $15,000 - $24,999",176394
R67,INCOME,"Income $150,000 - $174,999",4888
R67,INCOME,"Income $175,000 - $199,999",35
R67,INCOME,"Income $200,000 - $249,999",1790
R67,INCOME,"Income $25,000 - $34,999",165387
R67,INCOME,"Income $250,000+",1286
R67,INCOME,"Income $35,000 - $49,999",113704
R67,INCOME,"Income $50,000 - $74,999",63304
R67,INCOME,"Income $75,000 - $99,999",44001
R67,INCOME,"Income <$15,000",546113
R67,MARITAL_STATUS,Married,76426
R67,MARITAL_STATUS,Not Married,1070864
R67,PRES_CHILDREN,Children Present,764982
R67,PRES_CHILDREN,No Children Present,382308
R67,SIZE1,1 Member HH,267409
R67,SIZE1,2 Member HH,675884
R67,SIZE1,3 Member HH,108755
R67,SIZE1,4 Member HH,47677
R67,SIZE1,5+ Member HH,47565
S68,AGE,HOH Age 19 - 25,119631
S68,AGE,HOH Age 26 - 35,146280
S68,AGE,HOH Age 36 - 45,224363
S68,AGE,HOH Age 46 - 55,434504
S68,AGE,HOH Age 56 - 65,405633
S68,AGE,HOH Age 66+,373626
S68,EDUCATION,Completed College,106083
S68,EDUCATION,Completed Graduate School,51173
S68,EDUCATION,High School Graduates or Below,1085053
S68,EDUCATION,Some College,461728
S68,ETHNICITY,African American,40448
S68,ETHNICITY,Asian,28465
S68,ETHNICITY,Hispanic,144426
S68,ETHNICITY,Other Ethnicity,29790
S68,ETHNICITY,Unknown Ethnicity,41674
S68,ETHNICITY,White,1419234
S68,INCOME,"Income $100,000 - $124,999",43790
S68,INCOME,"Income $125,000 - $149,999",18901
S68,INCOME,"Income $15,000 - $24,999",323505
S68,INCOME,"Income $150,000 - $174,999",11474
S68,INCOME,"Income $175,000 - $199,999",203
S68,INCOME,"Income $200,000 - $249,999",4691
S68,INCOME,"Income $25,000 - $34,999",260862
S68,INCOME,"Income $250,000+",4056
S68,INCOME,"Income $35,000 - $49,999",279397
S68,INCOME,"Income $50,000 - $74,999",156461
S68,INCOME,"Income $75,000 - $99,999",73783
S68,INCOME,"Income <$15,000",526913
S68,INCOME,Unknown Income,1
S68,MARITAL_STATUS,Married,418630
S68,MARITAL_STATUS,Not Married,1285407
S68,PRES_CHILDREN,Children Present,362634
S68,PRES_CHILDREN,No Children Present,1341403
S68,SIZE1,1 Member HH,983863
S68,SIZE1,2 Member HH,536947
S68,SIZE1,3 Member HH,99146
S68,SIZE1,4 Member HH,44266
S68,SIZE1,5+ Member HH,39815
S69,AGE,HOH Age 19 - 25,125639
S69,AGE,HOH Age 26 - 35,137654
S69,AGE,HOH Age 36 - 45,235031
S69,AGE,HOH Age 46 - 55,461690
S69,AGE,HOH Age 56 - 65,564098
S69,AGE,HOH Age 66+,401022
S69,EDUCATION,Completed College,153806
S69,EDUCATION,Completed Graduate School,71019
S69,EDUCATION,High School Graduates or Below,1196295
S69,EDUCATION,Some College,504014
S69,ETHNICITY,African American,1912656
S69,ETHNICITY,Asian,2996
S69,ETHNICITY,Hispanic,2080
S69,ETHNICITY,Other Ethnicity,534
S69,ETHNICITY,Unknown Ethnicity,305
S69,ETHNICITY,White,6563
S69,INCOME,"Income $100,000 - $124,999",48860
S69,INCOME,"Income $125,000 - $149,999",20036
S69,INCOME,"Income $15,000 - $24,999",379490
S69,INCOME,"Income $150,000 - $174,999",13301
S69,INCOME,"Income $175,000 - $199,999",186
S69,INCOME,"Income $200,000 - $249,999",5024
S69,INCOME,"Income $25,000 - $34,999",298526
S69,INCOME,"Income $250,000+",5320
S69,INCOME,"Income $35,000 - $49,999",336464
S69,INCOME,"Income $50,000 - $74,999",240220
S69,INCOME,"Income $75,000 - $99,999",92289
S69,INCOME,"Income <$15,000",485418
S69,MARITAL_STATUS,Married,315888
S69,MARITAL_STATUS,Not Married,1609246
S69,PRES_CHILDREN,Children Present,437917
S69,PRES_CHILDREN,No Children Present,1487217
S69,SIZE1,1 Member HH,923623
S69,SIZE1,2 Member HH,615696
S69,SIZE1,3 Member HH,184163
S69,SIZE1,4 Member HH,94380
S69,SIZE1,5+ Member HH,107272
S70,AGE,HOH Age 19 - 25,17270
S70,AGE,HOH Age 26 - 35,27854
S70,AGE,HOH Age 36 - 45,72097
S70,AGE,HOH Age 46 - 55,69979
S70,AGE,HOH Age 56 - 65,23006
S70,AGE,HOH Age 66+,10404
S70,EDUCATION,Completed College,9495
S70,EDUCATION,Completed Graduate School,3846
S70,EDUCATION,High School Graduates or Below,168041
S70,EDUCATION,Some College,39228
S70,ETHNICITY,African American,15513
S70,ETHNICITY,Asian,3393
S70,ETHNICITY,Hispanic,26675
S70,ETHNICITY,Other Ethnicity,1352
S70,ETHNICITY,Unknown Ethnicity,4920
S70,ETHNICITY,White,168757
S70,INCOME,"Income $100,000 - $124,999",4108
S70,INCOME,"Income $125,000 - $149,999",2728
S70,INCOME,"Income $15,000 - $24,999",35282
S70,INCOME,"Income $150,000 - $174,999",1345
S70,INCOME,"Income $175,000 - $199,999",11
S70,INCOME,"Income $200,000 - $249,999",448
S70,INCOME,"Income $25,000 - $34,999",20048
S70,INCOME,"Income $250,000+",445
S70,INCOME,"Income $35,000 - $49,999",17524
S70,INCOME,"Income $50,000 - $74,999",6449
S70,INCOME,"Income $75,000 - $99,999",4936
S70,INCOME,"Income <$15,000",127286
S70,MARITAL_STATUS,Married,62959
S70,MARITAL_STATUS,Not Married,157651
S70,PRES_CHILDREN,Children Present,118240
S70,PRES_CHILDREN,No Children Present,102370
S70,SIZE1,1 Member HH,72582
S70,SIZE1,2 Member HH,124913
S70,SIZE1,3 Member HH,12455
S70,SIZE1,4 Member HH,5397
S70,SIZE1,5+ Member HH,5263
S71,AGE,HOH Age 19 - 25,18852
S71,AGE,HOH Age 26 - 35,16512
S71,AGE,HOH Age 36 - 45,46929
S71,AGE,HOH Age 46 - 55,198613
S71,AGE,HOH Age 56 - 65,411259
S71,AGE,HOH Age 66+,154329
S71,EDUCATION,Completed College,74192
S71,EDUCATION,Completed Graduate School,42390
S71,EDUCATION,High School Graduates or Below,537300
S71,EDUCATION,Some College,192612
S71,ETHNICITY,African American,413953
S71,ETHNICITY,Asian,26721
S71,ETHNICITY,Hispanic,125405
S71,ETHNICITY,Other Ethnicity,2309
S71,ETHNICITY,Unknown Ethnicity,12636
S71,ETHNICITY,White,265470
S71,INCOME,"Income $100,000 - $124,999",23851
S71,INCOME,"Income $125,000 - $149,999",8179
S71,INCOME,"Income $15,000 - $24,999",152364
S71,INCOME,"Income $150,000 - $174,999",6343
S71,INCOME,"Income $175,000 - $199,999",147
S71,INCOME,"Income $200,000 - $249,999",1730
S71,INCOME,"Income $25,000 - $34,999",85280
S71,INCOME,"Income $250,000+",2177
S71,INCOME,"Income $35,000 - $49,999",54895
S71,INCOME,"Income $50,000 - $74,999",53286
S71,INCOME,"Income $75,000 - $99,999",30450
S71,INCOME,"Income <$15,000",427792
S71,MARITAL_STATUS,Married,52472
S71,MARITAL_STATUS,Not Married,794022
S71,PRES_CHILDREN,Children Present,64542
S71,PRES_CHILDREN,No Children Present,781952
S71,SIZE1,1 Member HH,614769
S71,SIZE1,2 Member HH,157889
S71,SIZE1,3 Member HH,40838
S71,SIZE1,4 Member HH,16508
S71,SIZE1,5+ Member HH,16490
